"","X1","X2","X3","X4","X5","X6","X7","X8","X9","X10","X11","X12","X13","X14","X15","X16","X17","X18","X19","X20","X21","X22","X23","X24","X25","X26","X27","X28","X29","X30","X31","X32","X33","X34","X35","X36","X37","X38","X39","X40","X41","X42","X43","X44","X45","X46","X47","X48","X49","X50","X51","X52","X53","X54","X55","X56","X57","X58","X59","X60","X61","X62","X63","X64","X65","X66","X67","X68","X69","X70","X71","X72","X73"
"1",0,430.577046281248,441.769401067927,374.197629404018,415.799379413708,428.775699257108,439.655673650006,423.928615969515,124.01807956222,426.836322040761,130.134478745213,141.300810409983,310.987274264391,411.669633236301,440.49178070573,419.174314613557,425.308823979257,427.235690492766,459.873556507081,450.367469684072,438.471995483932,446.02077369642,396.322726480852,418.960005914655,399.960191281133,406.822104196662,127.533296072585,424.046511036491,465.3648827922,439.846268409134,414.072520020103,395.83355322881,391.179782055626,399.698204907191,400.233299680483,430.730899959734,413.921777340836,403.80837265592,396.925256778972,515.161383256203,545.447205696788,400.355118816857,407.954609835572,398.207454992516,390.219773566728,453.611596651186,396.780729938001,398.115681410448,432.747670694501,415.72303624313,424.96181452128,398.227691290677,394.978587957452,397.609102031787,320.541359164621,328.929659030877,135.42638903152,327.091830727539,429.698050269673,150.568836787714,425.724308538913,433.3385371886,441.79938753708,399.912418008055,461.864344026365,415.428023272657,419.375735815848,418.90798724902,491.152208797367,122.706519000451,505.465488895414,506.65894342021,123.970869721314
"2",430.577046281248,0,134.536521788929,541.422765649502,123.672438592488,128.216850965005,404.165769083846,388.995300423039,422.293850663239,392.362412902982,429.25804326608,439.419274391482,477.402813846509,219.736627272104,311.722283429263,384.436057669872,391.146940844719,393.447726794834,330.359443847728,319.823646629101,308.786929904051,317.633188791356,179.038729614881,384.08050232614,200.777667715367,192.364642159919,426.402664792111,389.373809537262,430.768873185065,309.919559657518,122.399028978869,156.569994255691,149.356879450958,164.991228431665,201.690827894027,395.633355417747,214.716511787187,208.859969494341,141.764652588559,332.62871703683,360.969979793858,196.460690770572,216.959647355268,163.618307942846,157.576168042416,271.351830487415,153.013039771364,200.123453150177,137.975939760996,126.026735419572,132.519969203826,169.061112840026,153.347465235536,166.83590223199,488.559806091009,494.931269547494,440.904343915055,497.132116623012,394.515424189491,448.193590309,390.070013579013,304.956461150919,310.466378136063,203.375300100063,457.749896106181,217.225566681299,384.393782339969,274.321431556831,456.836280350712,422.930431809667,381.120828460025,380.611640338068,422.952005645265
"3",441.769401067927,134.536521788929,0,553.23712593606,130.650324958936,135.23224743457,413.900574798561,399.677614094564,433.845443454814,402.504009171283,440.095920467361,450.416728786992,489.252969951114,227.791952754822,320.407115728233,394.287367387942,401.427241951734,403.973664928766,339.211594229992,328.363606189774,318.697642997422,327.217232692858,185.896654702188,394.447600988817,208.219407533772,198.948763111427,437.586379888793,399.791926593849,440.957713789355,318.740286500418,135.375641125235,163.521758698066,155.764581417026,171.922540295333,208.155499262022,405.82561668864,222.403343549145,215.885734944914,147.543601580703,338.642585948162,368.063276676518,203.380063770333,224.508545988679,170.131013494523,164.19116891464,281.079395517803,159.597716231984,207.376333231756,148.79657670377,133.755111933569,140.487361012827,176.660502026011,159.986424613184,173.557774921813,500.318588225913,506.906691329784,452.611930971237,509.36835089192,404.732233844733,459.775836644275,400.553437161983,313.894722952327,319.928288138551,210.482036295798,468.414547143034,224.933606338396,394.747248907066,283.07547847642,466.602553383994,434.152942777013,389.395305025831,389.850553731799,434.698472070357
"4",374.197629404018,541.422765649502,553.23712593606,0,525.996226360778,540.249552537707,538.292107036318,523.430845460377,363.837673396724,526.493346520684,370.600322308904,381.939202116166,284.213257056285,524.214857346095,554.83339075064,518.798739291848,525.161273521999,528.755012772362,574.478227583967,559.365604874429,549.8201425162,560.200710679163,509.025200543078,519.531963441567,512.157127553533,518.53294879261,369.67575825207,524.004992795187,564.210687955612,554.297007594029,525.906061661746,508.744664417444,503.125394514553,512.320463259432,512.214350725118,531.122014093838,526.252060985253,515.916659578125,508.796341378426,625.473536679936,657.098755841983,511.022416150556,520.619129782483,510.927152408308,503.983098844157,566.182503927039,508.583382719646,509.838825508658,543.517385882012,527.693384815107,534.843085075059,510.279418518364,507.69798241969,509.412623687832,294.37900104321,303.365712900718,383.271339487807,298.206016318878,527.995495946602,390.711023923079,526.236395887863,546.070132382953,555.669595827585,512.480380508392,564.797321129853,529.123023107936,519.21746043239,532.655856193888,588.663188885928,363.781406506835,618.73294182987,618.580984430727,365.255105780225
"5",415.799379413708,123.672438592488,130.650324958936,525.996226360778,0,118.874184285603,388.131644919072,373.782935129872,407.894009040613,376.799224485466,414.843392872522,424.377291860236,462.688303120742,196.023060560644,291.74919822874,368.648104643828,375.642852683497,378.247387932494,310.269846262376,299.452846011096,289.136696500162,297.398666644252,152.778357106737,368.348693080654,175.054905565489,166.912541101032,412.059171367317,373.315256002955,415.614724136762,290.066324799351,113.129448401846,130.007064620805,122.769386371301,139.112671062118,175.959575686914,380.03962820767,190.661769100941,183.393598931743,113.491700361937,308.348975386452,338.004555503178,171.164116512217,192.047427019494,137.608192621355,130.552212705656,249.032134797238,126.289592699692,174.855498686398,123.546679917522,112.678250484165,116.997357266582,143.342375442733,126.610956573281,140.534511337939,473.763518340607,480.154786058272,425.760165983098,482.557949872267,378.584870979015,433.516769764245,375.132200708506,283.928156636244,290.352876970217,178.159252769094,443.128704388029,191.757188861503,369.603943398326,253.411649480801,440.119661538833,408.049028429098,360.033430650913,359.510760778831,408.605370430051
"6",428.775699257108,128.216850965005,135.23224743457,540.249552537707,118.874184285603,0,401.284164343378,386.776895172526,421.052372649411,389.954734696461,428.208272360023,438.057700198359,476.727639902905,213.099451620671,307.466088943072,381.844812402605,388.47838742548,390.690594994586,325.884077971375,314.663898078334,304.569871570225,313.085808807789,171.52837103864,381.364930948474,194.002781036008,185.173017088611,424.559390164327,386.781559018176,429.023100815812,305.020865436781,123.085306509265,148.137913859449,141.057506593619,157.357711928882,194.952077919736,392.986694715997,208.756004049087,201.678487618188,132.70883170768,324.497233545793,355.318853682129,189.628440139849,210.773026283185,155.504425935573,149.649882311207,266.647720446245,144.389723215528,192.992448887958,135.426465946557,120.001222526338,123.998221759713,161.758983673228,145.208726240842,159.232937409795,487.487453935759,493.916457850231,439.220558222358,495.145579134891,392.10492077697,447.22897941511,387.565347320015,300.195277500698,306.055517405966,196.986811752256,455.466740582205,210.411551622027,382.193528599949,269.534791356101,454.104415394371,421.271909982103,376.411977208015,375.213002034845,421.456441211847
"7",439.655673650006,404.165769083846,413.900574798561,538.292107036318,388.131644919072,401.284164343378,0,98.3816252249582,430.386017377357,106.446585091319,436.96770221241,446.96681896477,477.080163966677,383.807561297821,423.640684013707,108.310387794333,110.926608170793,116.499872213801,443.43226529952,432.102936038824,420.903386897943,429.047709829432,367.833182720585,109.045724235689,371.151641650824,379.472892986127,434.748641674739,95.3774714243369,148.43086972774,422.308408031696,386.487723970802,369.270188289952,363.361008292496,372.308756679802,372.719338005227,97.9068013080296,385.345241884185,376.225684140103,368.765991216259,489.073943485495,520.019787969196,372.752985015793,380.476743581965,370.015978551777,363.526262025024,437.986270270468,368.131315052691,370.46018816671,403.287722962543,388.042198833521,397.824279617623,370.156329186918,367.112164439396,369.462430488596,488.620716135318,495.81688634053,449.229535692005,494.873017759647,103.440105708788,456.950353816944,97.5460252121714,416.478366446078,423.856854176627,371.990570851467,244.545850353524,387.803440777049,108.993806681517,399.833518161989,168.278612646171,430.860456925942,490.619447075109,489.052424796418,430.736946744054
"8",423.928615969515,388.995300423039,399.677614094564,523.430845460377,373.782935129872,386.776895172526,98.3816252249582,0,414.983839950125,87.5852966901627,422.00921786212,431.126877641255,462.492319601999,369.179521750711,409.633370623732,86.9769388437971,89.8254423567866,94.061902701801,428.882832681985,417.143215482188,406.231591487425,414.703420484805,353.127512889473,86.5475752942163,356.486097482909,364.382357401777,419.447554865168,82.4342651926555,148.616719299707,407.654798800222,371.864900602634,354.450883211697,348.63362976714,357.807669713887,357.616977588761,91.9565035657985,370.856382720448,361.712604866549,353.485373566907,473.877533818568,504.382229373362,357.51625368123,364.705866194098,355.82514684272,348.893694519839,423.560414617461,353.785860605133,355.938327467853,389.787737542072,373.891559857282,383.324711015554,355.336724964508,351.889026645503,354.706828381553,473.410030983258,480.416118996469,433.463933869041,480.086327432223,89.4211720896504,440.592535653277,89.0099524942502,402.182310543741,409.955710556406,357.560813229717,229.949339357471,372.557366348228,92.4444354690871,385.52301417929,168.341457599227,414.696726535991,476.648100499813,475.681724614541,416.383278752898
"9",124.01807956222,422.293850663239,433.845443454814,363.837673396724,407.894009040613,421.052372649411,430.386017377357,414.983839950125,0,417.663136860767,122.97296741973,128.227373232389,301.288473007421,403.890902092308,433.20361464503,410.088120992798,416.258308886158,419.620462352277,452.672604835351,442.988748610934,431.341847714149,437.6201266397,388.086985044106,409.620370442728,391.605456467728,398.806678040267,118.868887870015,414.824485765259,455.831396082649,432.140681687578,406.506230387233,387.216197139138,382.670385602736,391.12454682335,391.745861220336,421.837131616805,405.884071887699,395.831950929337,388.773218344822,506.450989335956,536.98949201007,391.751579983361,399.434709021451,390.054929102223,382.97807004136,444.594671019626,387.897450523252,389.811096559043,424.806173843736,407.506666173642,417.160249366703,389.765827317818,386.425924026303,388.945910595929,311.136517208981,319.303353576639,130.851595439078,317.111406095582,421.013735670704,140.253634750701,416.612062731656,425.952181666755,434.704054193264,392.483326634906,452.566125993009,406.665956965806,410.57926701055,411.401950857679,482.01901748822,118.354093878928,499.986565270975,499.110108083133,113.678635736611
"10",426.836322040761,392.362412902982,402.504009171283,526.493346520684,376.799224485466,389.954734696461,106.446585091319,87.5852966901627,417.663136860767,0,425.357785852822,434.131832163056,464.667287683924,372.291485126929,411.679281964042,87.2498026867081,92.7488064636157,95.4338269852575,431.213819606991,419.739374971072,409.186951827089,417.186094734741,356.216296662965,84.9653097974159,360.05640713378,367.464025496857,422.550209866817,87.6485928981868,157.002770535644,410.117331319003,375.086912257341,357.58619121819,351.680304153832,360.228734332867,360.543170842629,98.3298704743769,374.733086551585,364.442602538898,357.100201816826,478.271351702886,507.390544391598,361.193017233059,368.480089448614,358.648482460878,352.232420527169,426.279033648705,355.904820247124,358.807251091334,392.881878647351,376.668014992434,386.044670287287,358.351449409166,355.211313877165,357.821515729325,476.343506111261,483.564692186817,436.784363532465,483.514976778065,95.410648866815,445.12231135777,97.1157847058713,404.682279928039,411.679287615103,359.955994573887,234.648979198225,376.04227586745,94.7060538633856,387.837009825071,175.589676970573,418.304566532612,479.355372583811,477.117034913455,419.828199581955
"11",130.134478745213,429.25804326608,440.095920467361,370.600322308904,414.843392872522,428.208272360023,436.96770221241,422.00921786212,122.97296741973,425.357785852822,0,134.069689040444,307.93382527691,410.825922737069,440.183178743348,417.649787651889,423.878239983842,426.400427045115,458.809498188054,449.49395095853,437.980445225631,445.002759117225,395.395416675574,416.869738605153,398.873328198264,405.470242850189,126.939027742612,421.961852913852,462.674741537143,438.367977390851,413.489686532952,393.945810937063,390.163342892769,398.289053615649,398.705127282135,427.846371029981,412.72827696456,402.166975384868,395.802650984297,514.565487625891,544.129958999758,398.616716662814,405.929823814392,396.954125523753,390.257657206734,452.127114073757,394.550293449778,396.152389731293,431.104213471126,415.384665530182,423.878470133792,395.971881502565,393.687149211116,396.148218792556,317.926677533794,326.301082286585,142.754657132264,325.482043955973,427.036446248409,144.888050040695,423.577204960546,432.602155714794,441.08221806197,399.11854334332,459.244775194027,414.810164465975,416.60880400992,417.999245058525,489.050975107598,124.544926512624,506.039568037954,505.837970463881,120.358508452786
"12",141.300810409983,439.419274391482,450.416728786992,381.939202116166,424.377291860236,438.057700198359,446.96681896477,431.126877641255,128.227373232389,434.131832163056,134.069689040444,0,318.716408048284,420.991279838936,448.657245775942,427.273659374844,432.826617592505,436.403428983853,468.690287363575,458.974122453939,447.577899677351,453.93602785805,405.586187816129,426.7426907088,409.386015201923,416.022610483625,132.475566471965,431.849427436398,472.60072524744,448.519473900183,422.940157210905,404.275711913506,399.647448610005,408.310516169933,409.349313943131,437.720754571648,422.479676346371,412.476601280307,405.750913778131,524.067029560909,555.041939864636,408.592913933025,416.926677163219,406.648034396484,400.212173685717,462.0119254192,404.637439260633,407.298776438387,440.072399068528,424.437209962881,434.006290813275,406.507340519074,403.476307461309,406.032187745386,326.499511569632,335.420145672984,147.820653263942,335.413634014393,436.766842394742,151.767164097787,433.039503803775,441.746943361915,449.325409439058,409.507896338541,468.765248846495,424.168607738836,427.537858724538,427.370753922724,498.368510872157,132.440810158658,515.254827588721,515.261709850829,127.445505695836
"13",310.987274264391,477.402813846509,489.252969951114,284.213257056285,462.688303120742,476.727639902905,477.080163966677,462.492319601999,301.288473007421,464.667287683924,307.93382527691,318.716408048284,0,459.696512595945,490.728841867151,457.371893769497,463.967822199197,466.494647536965,510.577548957252,500.561947104418,489.042640676211,495.936380765706,444.784225679549,457.372325072796,447.819893424619,454.115392055741,306.570386720875,462.800776145217,503.047987653772,490.265279737678,461.415996046205,443.473305329331,439.276784080867,446.384759081632,447.188230587044,470.163149663503,461.982844816868,451.533913071088,444.816224211916,562.888899758239,593.994540268155,446.323857502811,455.630565969453,445.924698716966,439.205050498463,501.238990084371,444.369678753128,445.919747673626,479.597744498401,462.722087222721,473.364200343746,445.287135384256,442.696377503717,445.09446650643,233.129541125443,237.720148425748,319.918985789476,240.119714671663,468.884524004677,327.477839618708,462.616463736462,483.691526332703,487.050392843006,447.044176855092,504.020149424629,463.789960691347,457.467458986364,468.519075339091,529.426476057113,300.708197463832,555.600356375767,551.724922467972,300.547175419052
"14",411.669633236301,219.736627272104,227.791952754822,524.214857346095,196.023060560644,213.099451620671,383.807561297821,369.179521750711,403.890902092308,372.291485126929,410.825922737069,420.991279838936,459.696512595945,0,241.21840174618,364.024194727388,371.819460408971,373.786530133875,260.269774861137,249.003825722985,238.777486235298,247.947862809124,134.340207847782,363.817230696984,123.992438073623,143.50268695527,408.244877685765,369.528096958995,409.87566954796,239.143301329652,196.347377657905,142.803444975215,139.144598271198,143.749968955985,131.587135825216,375.04362370444,150.265150851601,133.326275106226,147.438017775951,257.599699938272,289.628564900521,139.230937224813,145.199463908826,146.660435923427,134.44290436991,230.209057486884,144.393163428209,124.545980185548,212.499845506014,196.572414177166,206.542933510863,137.416027471463,141.343834477694,137.788470620156,471.150205157268,477.414860533071,422.302276944778,480.298875794088,374.667103315017,429.6913163378,369.430441765562,234.713653267001,240.785699912245,128.853189784879,438.085430419486,145.435193093465,364.04481625933,203.658785906982,436.203779215988,404.019154872168,312.27098501082,312.932555802021,404.847515979353
"15",440.49178070573,311.722283429263,320.407115728233,554.83339075064,291.74919822874,307.466088943072,423.640684013707,409.633370623732,433.20361464503,411.679281964042,440.183178743348,448.657245775942,490.728841867151,241.21840174618,0,404.476752335544,411.835532049097,413.576529857726,129.639294396276,118.471296948975,102.738363295453,115.092422405112,248.397943552287,403.70280837844,246.842452575403,259.078865289462,438.039227063794,409.47852479926,450.262858338742,110.645492662887,291.330720394067,252.993082740092,249.296781572052,253.600939883404,249.379516612719,415.810723555131,265.009086132462,251.618055051014,256.432515804761,371.412451708905,400.350209830898,252.814682818715,259.136846093433,255.058149941333,247.130299334088,325.471110295175,254.214899236505,245.650601620431,308.467121243785,292.160095818276,301.972842930188,249.270223123769,251.862509126227,250.536318492719,502.639091969002,507.801504815138,452.107207688039,510.501284503723,413.950047893831,459.628959380383,408.954999359038,105.34443292228,112.438828125897,243.400525914905,474.593451347415,264.754970538072,404.11340006195,113.107156906229,475.083216215304,433.900452425276,182.978075307975,183.452778527814,434.268461003679
"16",419.174314613557,384.436057669872,394.287367387942,518.798739291848,368.648104643828,381.844812402605,108.310387794333,86.9769388437971,410.088120992798,87.2498026867081,417.649787651889,427.273659374844,457.371893769497,364.024194727388,404.476752335544,0,83.8877599489848,78.9723564925578,423.888960936075,412.647731313418,401.718488331221,409.25235762553,348.312113865302,77.0041829014779,351.738660131481,360.081308424923,414.940998804594,87.0242899243166,155.171520158159,403.099718354045,366.885086968579,349.684180237061,343.561610743363,352.778742881003,352.766805504091,96.0336857797506,366.775295333121,356.713488252677,349.231872392028,469.23107229481,498.815507696309,353.102382021358,360.882092449957,350.604280587703,344.182022570674,418.923340245911,348.274575011085,351.393663747064,384.73256784683,368.946867278077,378.471974857115,350.58344691477,347.133101669085,349.904175750001,468.461660259723,475.202176007752,428.972793830747,474.998396779781,96.2807765380892,437.111975964769,94.5762676676313,397.345928582099,404.588336273077,352.468310882699,229.173010988159,367.886230005083,82.4707810652155,380.561658876672,175.003438861006,410.560555250331,471.091918987915,469.898797541453,412.023467586198
"17",425.308823979257,391.146940844719,401.427241951734,525.161273521999,375.642852683497,388.47838742548,110.926608170793,89.8254423567866,416.258308886158,92.7488064636157,423.878239983842,432.826617592505,463.967822199197,371.819460408971,411.835532049097,83.8877599489848,0,91.7898627129854,431.478605778089,420.135256849685,409.36691954124,417.050772603283,355.290917832139,84.6139303235016,358.677125792776,366.973082471322,420.849294821117,90.8885129327127,157.124178983835,410.585563684501,373.612629275279,356.261339186284,350.481462135653,359.795573203099,360.16206497149,97.9643365576791,372.99197842083,363.893497293861,355.631963366169,477.189889357979,506.842384107431,360.361434727064,368.001345766144,357.452659573526,351.0540558944,425.566370763621,355.447115863571,358.420842264588,391.290480028802,376.09541337876,385.098716892919,357.660669576109,354.45668628049,356.88766882885,474.51068564239,481.611013873573,434.059508794441,481.183907456502,98.6608555950444,443.303652352926,97.5340846836325,404.425306356269,412.118394295377,359.680905605027,233.922213649591,374.865344020569,85.4173839745537,387.668129969467,175.853022001022,417.1690323537,479.36493909256,477.821293834737,418.562438237067
"18",427.235690492766,393.447726794834,403.973664928766,528.755012772362,378.247387932494,390.690594994586,116.499872213801,94.061902701801,419.620462352277,95.4338269852575,426.400427045115,436.403428983853,466.494647536965,373.786530133875,413.576529857726,78.9723564925578,91.7898627129854,0,433.278647789048,421.956066596705,410.986549229829,418.261711131108,357.988466168657,80.8832173685689,361.54171783212,369.23216603014,424.056253793152,95.0438863791173,162.807974321645,411.979210220782,376.6421895883,359.331956679842,352.918704428602,362.434137995148,362.736524689127,104.804124634147,376.058668993629,366.147016961693,358.699012612138,478.797298824262,509.251821920356,362.946538139767,370.275301236574,359.904274201807,353.834147799492,428.633957129991,358.19695533333,361.015055052571,394.472489930407,378.494358931837,387.440200305657,360.126338148933,357.20137328713,359.417733453544,478.388365799657,485.4977938051,438.281742619429,485.134311725611,104.843960728289,446.529431743182,100.03202974329,406.144743358692,413.837290873559,362.134149357426,237.724666981119,378.08168969017,90.7561680587876,389.895159742216,183.278555103741,419.797142171191,479.410067712037,478.706488435362,421.260832455345
"19",459.873556507081,330.359443847728,339.211594229992,574.478227583967,310.269846262376,325.884077971375,443.43226529952,428.882832681985,452.672604835351,431.213819606991,458.809498188054,468.690287363575,510.577548957252,260.269774861137,129.639294396276,423.888960936075,431.478605778089,433.278647789048,0,136.966593249853,124.553945208149,130.932259717977,266.936247030205,423.408987453365,264.955161273199,277.941204513706,457.604436791701,429.776088472923,470.228083149324,128.139314851901,309.82514061406,272.003024521074,268.362176835536,272.41117831809,267.661646591762,435.47996971226,284.213388550372,270.515882069579,275.716030451166,390.585953011369,419.215382680124,271.686289154833,277.612722812459,273.954830976616,266.01249464563,345.163398572981,272.682464053389,265.024119909089,327.843950298071,310.04440275184,320.840188037692,267.722854311998,271.12842516973,269.956100975725,522.50516258293,527.506390881882,471.373455901394,530.054221619892,434.036800032618,478.299039836361,429.701228876267,126.006157801833,129.967739660696,262.974974905933,494.107761958589,283.581001887208,424.511110554829,129.887695624312,494.982298461855,451.601925795645,206.381766333134,208.332898421978,453.062671430734
"20",450.367469684072,319.823646629101,328.363606189774,559.365604874429,299.452846011096,314.663898078334,432.102936038824,417.143215482188,442.988748610934,419.739374971072,449.49395095853,458.974122453939,500.561947104418,249.003825722985,118.471296948975,412.647731313418,420.135256849685,421.956066596705,136.966593249853,0,111.947340183949,125.549566820844,255.94141798406,411.66295933334,253.540672779312,266.150605090906,447.785190517132,418.262445179462,458.71483318651,119.718152145255,298.90611766738,261.003023203489,256.930379243036,261.51168264441,256.82563633014,423.932111114679,272.414835061033,259.572393016795,264.008489062145,378.673296769339,409.03983953791,260.478876308931,266.539640134525,262.967837544796,255.08382113043,333.948130821507,261.920162944271,253.272842112832,317.048374106789,300.313873197679,309.460023405375,256.756677986587,259.640001026202,258.875507457395,512.625139502548,517.30954729674,461.732848850096,520.298991291502,422.571489223136,469.304483936413,418.435400396655,118.751681587391,122.130106614922,251.070072730062,483.628526503868,272.314202509151,412.812151159859,119.192775012787,482.679983665572,443.44308314091,195.785526169594,195.516850974664,444.065963549739
"21",438.471995483932,308.786929904051,318.697642997422,549.8201425162,289.136696500162,304.569871570225,420.903386897943,406.231591487425,431.341847714149,409.186951827089,437.980445225631,447.577899677351,489.042640676211,238.777486235298,102.738363295453,401.718488331221,409.36691954124,410.986549229829,124.553945208149,111.947340183949,0,113.230193968132,245.052424884929,401.099710342272,242.936990766322,255.958676167286,436.157075396924,407.529008985834,447.878340283617,104.373386349598,288.394647234199,250.460703377776,246.278801073762,251.10765106922,246.467865174655,413.351185649442,261.449732324143,248.888927521884,253.682033719351,368.078176222741,398.456510831754,249.916782600395,256.422145151578,252.383363553339,244.239771451963,322.509550984753,251.23354154618,243.036857789596,306.081477362825,289.299636638324,299.347344372298,246.583042291313,249.345845511482,247.74060130889,500.881993586676,506.340669970616,450.022341746552,508.885497913616,411.82326480003,458.093728643514,407.24799280299,100.821355930992,104.890875391521,240.799192362612,472.212100275787,261.798411754071,402.039350376592,107.252773000263,472.312514511936,432.617848708424,183.743794284908,186.024776134407,432.745436074716
"22",446.02077369642,317.633188791356,327.217232692858,560.200710679163,297.398666644252,313.085808807789,429.047709829432,414.703420484805,437.6201266397,417.186094734741,445.002759117225,453.93602785805,495.936380765706,247.947862809124,115.092422405112,409.25235762553,417.050772603283,418.261711131108,130.932259717977,125.549566820844,113.230193968132,0,254.376236268683,408.837697589024,252.517914377462,264.685493435589,442.687622186228,415.140123540735,454.289538352348,118.463529795036,296.875138083313,259.283329057176,254.567554862674,259.832059738917,255.58824525799,420.895432417107,270.876492564262,258.203359906317,262.872425503253,377.85142572753,407.040640392143,258.797680207585,264.810963830111,260.524224686768,253.177112683957,330.873815508021,259.627091916791,250.586030101332,314.74281327055,297.909273955898,307.531494399102,255.416588616858,257.835072925505,256.916366666997,508.167987164541,512.973416275297,456.746599927789,515.593082959277,419.615359398996,464.630523429438,414.781159571238,114.525080347733,121.471202826509,249.6915767951,479.557970274742,270.817813016679,409.701536606422,120.347973507434,479.941259399008,438.733418479027,190.149773540699,190.423748642422,439.20892822048
"23",396.322726480852,179.038729614881,185.896654702188,509.025200543078,152.778357106737,171.52837103864,367.833182720585,353.127512889473,388.086985044106,356.216296662965,395.395416675574,405.586187816129,444.784225679549,134.340207847782,248.397943552287,348.312113865302,355.290917832139,357.988466168657,266.936247030205,255.94141798406,245.052424884929,254.376236268683,0,347.778395497916,102.444840786237,95.390150569756,392.530199593984,353.741940525918,394.430665365607,245.872297887357,153.309977031873,101.652227981734,96.2996254763629,104.848371204477,101.940941400629,359.491749705673,117.827836590635,105.656339976113,98.1002141892402,236.309168240584,265.973484442543,104.762411006162,118.888691138484,107.408070094518,90.8375157363827,206.654039976716,100.157972711301,99.040685571122,169.621207903944,152.921447651795,162.761518866957,105.704773260089,101.268309842221,103.957512790948,455.387982226108,461.300489736775,406.655756023704,464.430142324811,358.625983112099,413.734126073126,354.794620801378,240.816464070412,247.221499147111,108.648830092638,423.931928901902,114.883129709979,348.937925095355,207.116163921822,419.916758714629,388.366197492393,318.862243759896,319.112594090332,388.909847119295
"24",418.960005914655,384.08050232614,394.447600988817,519.531963441567,368.348693080654,381.364930948474,109.045724235689,86.5475752942163,409.620370442728,84.9653097974159,416.869738605153,426.7426907088,457.372325072796,363.817230696984,403.70280837844,77.0041829014779,84.6139303235016,80.8832173685689,423.408987453365,411.66295933334,401.099710342272,408.837697589024,347.778395497916,0,351.527215108248,359.367930517726,414.414800887423,86.0834195480649,154.932376732174,402.230345689233,366.938424568492,349.355660254742,343.216274568778,352.189269177476,352.152194793653,97.8779043296249,365.920169744601,356.228665235044,348.777374822342,469.691308888377,499.068961721005,352.712753553401,360.270127736682,350.339375530045,343.735659772795,418.740376467224,348.517334645799,351.172178311384,384.834130760698,369.232035647467,378.046950979708,350.163732164164,347.07841215913,349.460662924593,468.82318296747,475.272399070197,428.858707044136,475.288160924248,97.4760148922938,436.778148103436,94.5999721652232,396.409840809815,403.971713337087,352.0793781009,228.705295184922,367.641135776089,85.3977614639795,379.735237940736,175.348230603675,409.950480927848,471.185371611237,469.734160286743,411.742851038873
"25",399.960191281133,200.777667715367,208.219407533772,512.157127553533,175.054905565489,194.002781036008,371.151641650824,356.486097482909,391.605456467728,360.05640713378,398.873328198264,409.386015201923,447.819893424619,123.992438073623,246.842452575403,351.738660131481,358.677125792776,361.54171783212,264.955161273199,253.540672779312,242.936990766322,252.517914377462,102.444840786237,351.527215108248,0,111.686441363611,396.185353097525,357.47841425937,398.279610480404,244.23428185483,175.218851843933,120.858794354149,115.135784679086,121.549727111756,93.9520189908359,363.091870545328,113.732678259027,99.3701820786775,122.457817437532,224.163682702889,256.00322876755,106.543786601121,108.157735747927,125.055908894828,108.993329830173,206.000059326095,120.719162344506,95.758571402965,191.501521454325,176.290115584641,185.51699123772,117.245011877703,119.266622181471,116.055874617345,459.290455987829,464.815575469189,410.34822863077,468.300491451289,361.793806353206,416.232546091749,358.103111978632,239.322587967653,245.243084598853,102.001899060317,427.731347650167,108.96797045009,352.591724198224,206.78637957778,423.64071997121,391.838866095615,316.886058133504,317.461106493508,392.535057514852
"26",406.822104196662,192.364642159919,198.948763111427,518.53294879261,166.912541101032,185.173017088611,379.472892986127,364.382357401777,398.806678040267,367.464025496857,405.470242850189,416.022610483625,454.115392055741,143.50268695527,259.078865289462,360.081308424923,366.973082471322,369.23216603014,277.941204513706,266.150605090906,255.958676167286,264.685493435589,95.390150569756,359.367930517726,111.686441363611,0,403.213020949754,365.341984980059,406.363683673602,257.159587834906,167.856875377578,117.144989707744,111.23044242915,119.36329980441,104.73010028995,370.292309501974,121.895181364953,115.663208987049,111.35561295494,243.296110229681,272.763355588481,106.425946249132,127.232720383685,121.67964143809,106.039735526339,219.832098560448,113.509622748797,105.644146303852,183.261921311376,167.183643717016,175.953175467466,118.988731162423,115.663194184061,118.345523748446,466.196800817949,471.96742090273,417.062557109198,475.201157088066,370.166158448727,424.518041879918,365.488157163223,252.29825023654,258.200971881952,116.119654881845,435.211670146271,123.465761608592,360.274576318233,218.454745483335,432.021216759064,398.707542526659,328.951842113913,329.913579464127,398.966001031488
"27",127.533296072585,426.402664792111,437.586379888793,369.67575825207,412.059171367317,424.559390164327,434.748641674739,419.447554865168,118.868887870015,422.550209866817,126.939027742612,132.475566471965,306.570386720875,408.244877685765,438.039227063794,414.940998804594,420.849294821117,424.056253793152,457.604436791701,447.785190517132,436.157075396924,442.687622186228,392.530199593984,414.414800887423,396.185353097525,403.213020949754,0,418.916172121037,460.184698967587,436.807102480405,410.410749230036,391.459718785249,387.134619326139,395.675535579612,396.83433314799,426.460499194274,410.077326338508,400.180016993634,392.831228053385,512.065003798254,540.715350971004,396.093289065719,403.989404220884,394.617849164294,387.838211513427,449.064934429146,392.35922767537,394.072853243087,428.780380151094,411.916200796152,421.375272896078,393.895812334598,390.575713441296,393.467657908123,316.058338046471,323.489426723616,137.501860348464,322.358963521518,425.378497678812,142.501989311124,420.540735388626,430.787172853287,439.009892031369,396.831918722277,456.191602805999,411.437596576238,414.777933065236,416.197547603471,486.372859283768,120.617584284676,504.318802612732,504.213222907546,119.00167565259
"28",424.046511036491,389.373809537262,399.791926593849,524.004992795187,373.315256002955,386.781559018176,95.3774714243369,82.4342651926555,414.824485765259,87.6485928981868,421.961852913852,431.849427436398,462.800776145217,369.528096958995,409.47852479926,87.0242899243166,90.8885129327127,95.0438863791173,429.776088472923,418.262445179462,407.529008985834,415.140123540735,353.741940525918,86.0834195480649,357.47841425937,365.341984980059,418.916172121037,0,147.028550587459,408.32221878194,372.148630107604,354.802099173056,349.048427101996,358.057091001945,358.384647375453,90.4394946392032,372.334100298802,362.329750209923,354.551203966542,475.346106822214,505.33756368255,358.554548713612,365.719715448931,356.020388420923,347.879081791514,424.123122614282,353.913208743378,356.847185528711,390.165203992453,374.665085618858,383.646936338009,356.033973131891,353.050610020338,355.310393148053,473.709499820777,480.348642428152,433.596413861112,480.22561759215,92.4637018149499,441.881631683083,88.4766119009201,402.791789140038,410.031971703669,358.006960363128,230.586055628874,373.484580144123,92.7145724961666,386.062547325589,166.958029098302,415.298233152515,476.979888839753,475.295527981826,416.484387390679
"29",465.3648827922,430.768873185065,440.957713789355,564.210687955612,415.614724136762,429.023100815812,148.43086972774,148.616719299707,455.831396082649,157.002770535644,462.674741537143,472.60072524744,503.047987653772,409.87566954796,450.262858338742,155.171520158159,157.124178983835,162.807974321645,470.228083149324,458.71483318651,447.878340283617,454.289538352348,394.430665365607,154.932376732174,398.279610480404,406.363683673602,460.184698967587,147.028550587459,0,448.179277952165,413.523033030975,396.237087839581,390.196674608485,399.034996168362,399.217739921838,149.406078570752,413.193516491914,403.041087251625,395.782677317055,516.279867474427,544.731666166792,399.709994381086,406.953006009203,397.212772219302,390.407796237144,463.993139168503,395.131560018422,397.827177914627,431.492504454751,415.579637974302,424.650661457736,396.591845877915,394.591777687482,395.879892949398,513.19277793173,520.316379049047,474.003591259244,520.599915759707,153.468388080303,483.087671621068,144.894481395743,442.956979932109,449.701591640386,398.499312457937,276.684207035925,414.139130278169,151.26985694985,425.868366170619,195.286311332821,456.231048789246,516.667109973294,514.51340448134,457.429255967224
"30",439.846268409134,309.919559657518,318.740286500418,554.297007594029,290.066324799351,305.020865436781,422.308408031696,407.654798800222,432.140681687578,410.117331319003,438.367977390851,448.519473900183,490.265279737678,239.143301329652,110.645492662887,403.099718354045,410.585563684501,411.979210220782,128.139314851901,119.718152145255,104.373386349598,118.463529795036,245.872297887357,402.230345689233,244.23428185483,257.159587834906,436.807102480405,408.32221878194,448.179277952165,0,288.581270161973,251.318376305984,247.210057184096,251.960807800741,246.78852992612,413.732589521037,261.671999252608,250.08999366299,255.435615524354,369.100259267066,397.62486228604,250.768654299454,256.687234455453,253.261308029469,244.541894822461,323.765894879632,252.033406205918,244.19941988312,307.302882330679,289.892005490274,300.380418076633,247.026376487815,250.695636872259,249.188639372878,501.88037952949,506.947627387986,451.021380836646,509.803598610683,412.769583524313,459.048732037584,407.954712941343,107.093297640924,104.340658419514,241.366219532959,474.157327378397,263.097093204377,402.84196707139,111.912716311476,473.305604112988,432.352916178486,190.52083134527,191.148229443965,432.526329621397
"31",414.072520020103,122.399028978869,135.375641125235,525.906061661746,113.129448401846,123.085306509265,386.487723970802,371.864900602634,406.506230387233,375.086912257341,413.489686532952,422.940157210905,461.415996046205,196.347377657905,291.330720394067,366.885086968579,373.612629275279,376.6421895883,309.82514061406,298.90611766738,288.394647234199,296.875138083313,153.309977031873,366.938424568492,175.218851843933,167.856875377578,410.410749230036,372.148630107604,413.523033030975,288.581270161973,0,131.983517278106,123.23363086348,139.958712190939,176.202178334045,378.719582820018,190.209423410073,183.648810285356,116.269543181809,307.949667724397,337.019541321406,171.778126903574,192.685354643816,139.109714443717,132.344709115106,249.603922995143,127.792463098443,174.757436517759,121.615898708179,111.576854593088,116.510722127713,144.132425856246,127.490362655135,141.606967331761,472.561458868978,478.82077500203,424.447588801856,481.144875692954,377.166159687929,432.110670096666,373.122871489923,284.093955070862,289.583043689651,178.221914907305,441.786888442017,192.002718914194,368.085595717616,252.994406574489,439.185009647308,406.687196862487,359.756038007754,360.679674919706,407.343068482652
"32",395.83355322881,156.569994255691,163.521758698066,508.744664417444,130.007064620805,148.137913859449,369.270188289952,354.450883211697,387.216197139138,357.58619121819,393.945810937063,404.275711913506,443.473305329331,142.803444975215,252.993082740092,349.684180237061,356.261339186284,359.331956679842,272.003024521074,261.003023203489,250.460703377776,259.283329057176,101.652227981734,349.355660254742,120.858794354149,117.144989707744,391.459718785249,354.802099173056,396.237087839581,251.318376305984,131.983517278106,0,75.5167535519283,87.385713984607,122.828666604385,360.811050888119,137.668045944903,128.232490161146,78.1337352011604,258.357061595278,288.205623539711,121.878512132011,139.790138239989,87.8429791843559,80.9393358414622,202.833775255555,82.7501775221822,119.785945847205,146.789473030296,131.248547196416,140.575214787137,91.0983398476055,79.2926146087986,81.6968239283253,455.199059562387,460.849795447352,405.492239516768,464.168284947195,359.653233876382,413.100767128431,355.853914608813,246.211589318585,252.196049830543,125.131334342107,424.451341412754,137.883737306571,350.185326759573,212.84623701661,422.12984864653,387.619938126216,323.942542591911,323.768664178037,388.335098773557
"33",391.179782055626,149.356879450958,155.764581417026,503.125394514553,122.769386371301,141.057506593619,363.361008292496,348.63362976714,382.670385602736,351.680304153832,390.163342892769,399.647448610005,439.276784080867,139.144598271198,249.296781572052,343.561610743363,350.481462135653,352.918704428602,268.362176835536,256.930379243036,246.278801073762,254.567554862674,96.2996254763629,343.216274568778,115.135784679086,111.23044242915,387.134619326139,349.048427101996,390.196674608485,247.210057184096,123.23363086348,75.5167535519283,0,81.2698303009301,117.755477098458,355.020863478617,133.640981953632,123.826163554656,68.8566742317477,252.913802871484,283.551522660771,116.718722389935,135.683846273235,82.4291070699572,72.438331988513,197.094413302614,68.590904738912,115.342778009321,139.062608270647,123.38249267308,132.623815318559,82.2227977046991,72.0444221080155,77.3768213594386,450.477286149793,456.422772562673,401.615719748712,459.208142812626,352.793150348414,408.758630493815,349.810007346657,242.288936761228,248.358122294824,119.647350311098,419.570532240978,133.026609355903,344.490102945977,207.89983006249,416.22445365853,383.121983330573,319.457322778165,320.087032613345,383.624260149391
"34",399.698204907191,164.991228431665,171.922540295333,512.320463259432,139.112671062118,157.357711928882,372.308756679802,357.807669713887,391.12454682335,360.228734332867,398.289053615649,408.310516169933,446.384759081632,143.749968955985,253.600939883404,352.778742881003,359.795573203099,362.434137995148,272.41117831809,261.51168264441,251.10765106922,259.832059738917,104.848371204477,352.189269177476,121.549727111756,119.36329980441,395.675535579612,358.057091001945,399.034996168362,251.960807800741,139.958712190939,87.385713984607,81.2698303009301,0,123.472896104619,364.176986552614,138.897577990256,128.626974609997,84.5515715208823,258.700348919855,288.569992947402,123.944155867557,141.109494606687,91.2502982084177,84.6867260736891,201.023536602171,85.6082235979098,120.566492458862,155.652488021991,140.053618054145,148.562049816423,90.2535508906743,82.3657620640749,85.2334683202751,459.100621706647,465.30702161263,409.687970332941,467.610786363846,362.856482741482,417.225344169152,358.35431851531,247.073139005519,251.627056910872,125.171262271736,428.764592811633,138.036712400557,353.240177061673,212.826366631134,425.148037397401,391.201465930684,324.551085874385,323.555222973317,392.381776028758
"35",400.233299680483,201.690827894027,208.155499262022,512.214350725118,175.959575686914,194.952077919736,372.719338005227,357.616977588761,391.745861220336,360.543170842629,398.705127282135,409.349313943131,447.188230587044,131.587135825216,249.379516612719,352.766805504091,360.16206497149,362.736524689127,267.661646591762,256.82563633014,246.467865174655,255.58824525799,101.940941400629,352.152194793653,93.9520189908359,104.73010028995,396.83433314799,358.384647375453,399.217739921838,246.78852992612,176.202178334045,122.828666604385,117.755477098458,123.472896104619,0,364.084677918295,112.780598886806,100.61048814007,123.408179248197,224.730140091383,256.936287714731,99.7543891660788,111.469500539156,126.820960868691,109.299132359344,214.437027485397,122.619069412357,91.7387584303128,192.879234707297,176.674520450757,186.200704141471,119.877091744231,121.453432533212,120.569380807653,459.798580740368,464.806360881489,410.677251264658,468.336332284486,363.219003473657,417.882728349271,359.065813368803,242.063241188078,248.216508513676,101.980479818994,428.412880020166,106.138287219255,352.980233564793,209.336902203164,424.573016861704,392.420462612469,319.530219459539,319.879052366111,392.667422052043
"36",430.730899959734,395.633355417747,405.82561668864,531.122014093838,380.03962820767,392.986694715997,97.9068013080296,91.9565035657985,421.837131616805,98.3298704743769,427.846371029981,437.720754571648,470.163149663503,375.04362370444,415.810723555131,96.0336857797506,97.9643365576791,104.804124634147,435.47996971226,423.932111114679,413.351185649442,420.895432417107,359.491749705673,97.8779043296249,363.091870545328,370.292309501974,426.460499194274,90.4394946392032,149.406078570752,413.732589521037,378.719582820018,360.811050888119,355.020863478617,364.176986552614,364.084677918295,0,377.506638919537,367.523702807841,360.341547903478,480.403467955988,509.561934096043,364.181717620702,371.479240334555,361.53645458815,355.331837198398,430.325095288113,360.039115426709,362.288508158032,395.4990033168,380.089539623588,388.80768608769,362.151169999437,359.039336386553,360.680123000403,481.259076147761,488.138690763711,440.409903879408,488.05846863302,99.7861518788256,448.901916449108,93.0880637691601,408.699855413067,416.017601875569,363.865901124204,235.723760792924,379.549883524553,96.9581886490046,391.890076510163,168.714850571582,422.030569978711,482.948398683018,481.491924256461,422.589323783346
"37",413.921777340836,214.716511787187,222.403343549145,526.252060985253,190.661769100941,208.756004049087,385.345241884185,370.856382720448,405.884071887699,374.733086551585,412.72827696456,422.479676346371,461.982844816868,150.265150851601,265.009086132462,366.775295333121,372.99197842083,376.058668993629,284.213388550372,272.414835061033,261.449732324143,270.876492564262,117.827836590635,365.920169744601,113.732678259027,121.895181364953,410.077326338508,372.334100298802,413.193516491914,261.671999252608,190.209423410073,137.668045944903,133.640981953632,138.897577990256,112.780598886806,377.506638919537,0,123.637790945952,138.778895416149,246.979648128623,277.760564012434,118.321071753801,132.427800629101,142.419153738397,126.716686457905,230.577505906383,137.17105201295,113.836061720859,206.306643210062,190.230553853385,200.29817664122,136.06930190767,137.093245474036,136.539455052448,472.813414899065,478.669868063456,423.411261466676,482.161121092094,376.722459300818,431.688024057123,372.306690018335,257.660983781231,264.032424030616,121.384182228059,441.550758410954,121.547110181421,367.683794711298,225.574331270394,438.932833033549,405.99053590332,335.338362614686,336.173973888659,406.788979656523
"38",403.80837265592,208.859969494341,215.885734944914,515.916659578125,183.393598931743,201.678487618188,376.225684140103,361.712604866549,395.831950929337,364.442602538898,402.166975384868,412.476601280307,451.533913071088,133.326275106226,251.618055051014,356.713488252677,363.893497293861,366.147016961693,270.515882069579,259.572393016795,248.888927521884,258.203359906317,105.656339976113,356.228665235044,99.3701820786775,115.663208987049,400.180016993634,362.329750209923,403.041087251625,250.08999366299,183.648810285356,128.232490161146,123.826163554656,128.626974609997,100.61048814007,367.523702807841,123.637790945952,0,129.60074544507,221.95413724398,253.945979751971,108.763192657905,114.353809353374,132.362640098854,116.686892416556,219.535951747561,128.43420225265,91.1642084823752,199.039877139271,183.24069721506,192.499215370643,125.440838544637,126.258374602255,125.669894823759,463.042564453234,469.251692558056,414.207312297935,471.140317448807,367.410320777027,421.466224427437,362.981928147302,244.877160770705,250.85809697289,108.196633782687,432.173648415001,115.243573743218,356.975920978314,211.746541242838,428.964842529677,395.341857484528,321.784391245904,322.921013302197,395.91723226013
"39",396.925256778972,141.764652588559,147.543601580703,508.796341378426,113.491700361937,132.70883170768,368.765991216259,353.485373566907,388.773218344822,357.100201816826,395.802650984297,405.750913778131,444.816224211916,147.438017775951,256.432515804761,349.231872392028,355.631963366169,358.699012612138,275.716030451166,264.008489062145,253.682033719351,262.872425503253,98.1002141892402,348.777374822342,122.457817437532,111.35561295494,392.831228053385,354.551203966542,395.782677317055,255.435615524354,116.269543181809,78.1337352011604,68.8566742317477,84.5515715208823,123.408179248197,360.341547903478,138.778895416149,129.60074544507,0,259.69435721337,288.606319903709,118.659357601492,141.791694406321,85.1017059644625,77.1835923197353,205.609024945755,68.4447839172216,121.489128972278,130.226706931138,115.055028946613,123.986312547854,92.5888412391067,75.2881518843124,88.9115239624413,455.748160922885,462.361484476178,407.076060647488,464.596803593226,358.972063505216,414.465227395044,355.55698462517,250.055770298569,256.219158607305,126.946921126581,424.986794580101,138.657343497676,349.721522914622,216.294660090699,421.447820152521,388.875572254426,327.402317772394,327.910401754633,389.399168856337
"40",515.161383256203,332.62871703683,338.642585948162,625.473536679936,308.348975386452,324.497233545793,489.073943485495,473.877533818568,506.450989335956,478.271351702886,514.565487625891,524.067029560909,562.888899758239,257.599699938272,371.412451708905,469.23107229481,477.189889357979,478.797298824262,390.585953011369,378.673296769339,368.078176222741,377.85142572753,236.309168240584,469.691308888377,224.163682702889,243.296110229681,512.065003798254,475.346106822214,516.279867474427,369.100259267066,307.949667724397,258.357061595278,252.913802871484,258.700348919855,224.730140091383,480.403467955988,246.979648128623,221.95413724398,259.69435721337,0,359.150415431699,234.243993085735,234.331376198344,261.203813663601,245.622415644026,342.754593574386,257.253967435671,221.887769019541,324.130753829556,308.854754962311,317.010609551744,254.669983758069,256.132376144029,255.942359637581,575.417717507099,581.315667664488,526.120220264753,582.890718461711,480.304595491174,533.449459480516,475.918724894136,364.222048244995,369.684170981823,233.427043668895,543.217230966196,242.442941655267,470.326407273798,333.099567983747,541.904614728858,507.170205229639,439.550597851514,440.047879274438,507.549896718106
"41",545.447205696788,360.969979793858,368.063276676518,657.098755841983,338.004555503178,355.318853682129,520.019787969196,504.382229373362,536.98949201007,507.390544391598,544.129958999758,555.041939864636,593.994540268155,289.628564900521,400.350209830898,498.815507696309,506.842384107431,509.251821920356,419.215382680124,409.03983953791,398.456510831754,407.040640392143,265.973484442543,499.068961721005,256.00322876755,272.763355588481,540.715350971004,505.33756368255,544.731666166792,397.62486228604,337.019541321406,288.205623539711,283.551522660771,288.569992947402,256.936287714731,509.561934096043,277.760564012434,253.945979751971,288.606319903709,359.150415431699,0,263.860814451903,265.270919232818,291.018374151668,276.507932505994,373.4724910981,287.961470483879,253.536435331287,350.203787354796,337.815735084921,346.866004651142,285.122091393086,286.284645721557,285.059022779372,605.037404857375,607.217446313982,555.176200248493,612.956933911556,509.479151814659,563.459010114936,505.377546210001,393.54099784803,398.926931594092,266.26938732878,572.954081155195,273.526380347168,499.921266285002,364.018986265376,570.457690989427,537.45799300917,470.665875462262,469.7539241402,537.334240219684
"42",400.355118816857,196.460690770572,203.380063770333,511.022416150556,171.164116512217,189.628440139849,372.752985015793,357.51625368123,391.751579983361,361.193017233059,398.616716662814,408.592913933025,446.323857502811,139.230937224813,252.814682818715,353.102382021358,360.361434727064,362.946538139767,271.686289154833,260.478876308931,249.916782600395,258.797680207585,104.762411006162,352.712753553401,106.543786601121,106.425946249132,396.093289065719,358.554548713612,399.709994381086,250.768654299454,171.778126903574,121.878512132011,116.718722389935,123.944155867557,99.7543891660788,364.181717620702,118.321071753801,108.763192657905,118.659357601492,234.243993085735,263.860814451903,0,117.019057963013,125.551316192245,111.295174043994,218.73437344513,119.913715382046,100.076595613499,187.749143398376,171.831132538552,181.541051841339,121.736147188621,119.937045809639,122.250589945998,458.342534581812,464.269079997586,410.60967804846,467.119151116356,363.666750391287,417.090096859989,359.072708946102,245.997475811561,251.567737453647,112.417294087991,427.454050498706,116.399730053553,353.108508485914,213.379455048239,425.551318558574,392.25603782624,322.670183217667,322.960381571335,393.10173778835
"43",407.954609835572,216.959647355268,224.508545988679,520.619129782483,192.047427019494,210.773026283185,380.476743581965,364.705866194098,399.434709021451,368.480089448614,405.929823814392,416.926677163219,455.630565969453,145.199463908826,259.136846093433,360.882092449957,368.001345766144,370.275301236574,277.612722812459,266.539640134525,256.422145151578,264.810963830111,118.888691138484,360.270127736682,108.157735747927,127.232720383685,403.989404220884,365.719715448931,406.953006009203,256.687234455453,192.685354643816,139.790138239989,135.683846273235,141.109494606687,111.469500539156,371.479240334555,132.427800629101,114.353809353374,141.791694406321,234.331376198344,265.270919232818,117.019057963013,0,144.159145185809,128.4716462045,227.670802000774,139.992648440147,107.695428176651,209.342635829241,192.450819577734,202.371919622685,137.708021249788,138.926867256143,137.860529763045,467.601706558076,473.458012608112,417.935692096054,477.24737816631,370.413085480177,425.200524832259,366.892963908981,251.735686778913,257.860948793851,119.731932897594,435.329566419592,125.886284200141,361.232869567029,220.034969127682,432.929312194687,399.852208631716,329.50670289345,328.903390641821,400.77588071529
"44",398.207454992516,163.618307942846,170.131013494523,510.927152408308,137.608192621355,155.504425935573,370.015978551777,355.82514684272,390.054929102223,358.648482460878,396.954125523753,406.648034396484,445.924698716966,146.660435923427,255.058149941333,350.604280587703,357.452659573526,359.904274201807,273.954830976616,262.967837544796,252.383363553339,260.524224686768,107.408070094518,350.339375530045,125.055908894828,121.67964143809,394.617849164294,356.020388420923,397.212772219302,253.261308029469,139.109714443717,87.8429791843559,82.4291070699572,91.2502982084177,126.820960868691,361.53645458815,142.419153738397,132.362640098854,85.1017059644625,261.203813663601,291.018374151668,125.551316192245,144.159145185809,0,87.9374636438298,204.484744831979,85.6183105928786,124.170007857112,153.902645136491,137.488683778277,147.007967232011,92.3794316755757,86.4622907194879,88.1635976600143,457.236641358888,463.813066806591,408.358086464771,466.822917331604,360.588179864046,416.082357629518,356.806051225778,248.166728720666,253.974085381395,127.724349147745,426.057269357768,142.046649535857,350.972215660387,214.950008520792,422.894627509442,390.357788706411,324.663874280089,325.571631758902,390.952105352178
"45",390.219773566728,157.576168042416,164.19116891464,503.983098844157,130.552212705656,149.649882311207,363.526262025024,348.893694519839,382.97807004136,352.232420527169,390.257657206734,400.212173685717,439.205050498463,134.44290436991,247.130299334088,344.182022570674,351.0540558944,353.834147799492,266.01249464563,255.08382113043,244.239771451963,253.177112683957,90.8375157363827,343.735659772795,108.993329830173,106.039735526339,387.838211513427,347.879081791514,390.407796237144,244.541894822461,132.344709115106,80.9393358414622,72.438331988513,84.6867260736891,109.299132359344,355.331837198398,126.716686457905,116.686892416556,77.1835923197353,245.622415644026,276.507932505994,111.295174043994,128.4716462045,87.9374636438298,0,194.594137009703,80.950957320379,106.667356452524,147.876500053308,132.02941660218,141.086842595447,82.369585160207,77.0251921261989,82.5549417531214,450.026046313323,456.797683781742,401.916504521309,459.965863859058,353.875755701695,408.786726609647,350.450040656484,240.136213113028,246.135787298877,113.796871722431,419.461582396785,125.302775488918,344.148138966644,206.457804367423,416.321483370426,383.331269423121,317.178489942987,318.109758466195,384.06925744111
"46",453.611596651186,271.351830487415,281.079395517803,566.182503927039,249.032134797238,266.647720446245,437.986270270468,423.560414617461,444.594671019626,426.279033648705,452.127114073757,462.0119254192,501.238990084371,230.209057486884,325.471110295175,418.923340245911,425.566370763621,428.633957129991,345.163398572981,333.948130821507,322.509550984753,330.873815508021,206.654039976716,418.740376467224,206.000059326095,219.832098560448,449.064934429146,424.123122614282,463.993139168503,323.765894879632,249.603922995143,202.833775255555,197.094413302614,201.023536602171,214.437027485397,430.325095288113,230.577505906383,219.535951747561,205.609024945755,342.754593574386,373.4724910981,218.73437344513,227.670802000774,204.484744831979,194.594137009703,0,203.95869564087,213.33571175703,265.816269277533,248.913293720445,259.864559988861,197.333065252764,199.209811763456,199.210432376189,512.136627557799,518.466044134199,463.241708458903,520.616224601153,427.90202096555,471.52428362883,424.560357799867,317.284458712206,324.369282048532,216.143215517998,483.053851634864,229.731989347587,418.817748256971,289.593882395147,489.15783039922,445.044353092177,395.233711148219,394.728780489538,445.580584613285
"47",396.780729938001,153.013039771364,159.597716231984,508.583382719646,126.289592699692,144.389723215528,368.131315052691,353.785860605133,387.897450523252,355.904820247124,394.550293449778,404.637439260633,444.369678753128,144.393163428209,254.214899236505,348.274575011085,355.447115863571,358.19695533333,272.682464053389,261.920162944271,251.23354154618,259.627091916791,100.157972711301,348.517334645799,120.719162344506,113.509622748797,392.35922767537,353.913208743378,395.131560018422,252.033406205918,127.792463098443,82.7501775221822,68.590904738912,85.6082235979098,122.619069412357,360.039115426709,137.17105201295,128.43420225265,68.4447839172216,257.253967435671,287.961470483879,119.913715382046,139.992648440147,85.6183105928786,80.950957320379,203.95869564087,0,120.00018830332,142.343893728012,126.834941211892,135.970377564676,88.3361960148545,80.971510036835,88.1135893948642,455.735503730863,462.491909559662,406.5000323111,465.200696527169,358.177215367563,413.558409288801,354.765230770846,246.565041231267,252.882328248108,125.136890038227,424.555357938707,136.892822781937,349.519362960192,213.550506789113,420.024524254902,388.07936402937,324.862652672158,324.335103282018,389.079311514466
"48",398.115681410448,200.123453150177,207.376333231756,509.838825508658,174.855498686398,192.992448887958,370.46018816671,355.938327467853,389.811096559043,358.807251091334,396.152389731293,407.298776438387,445.919747673626,124.545980185548,245.650601620431,351.393663747064,358.420842264588,361.015055052571,265.024119909089,253.272842112832,243.036857789596,250.586030101332,99.040685571122,351.172178311384,95.758571402965,105.644146303852,394.072853243087,356.847185528711,397.827177914627,244.19941988312,174.757436517759,119.785945847205,115.342778009321,120.566492458862,91.7387584303128,362.288508158032,113.836061720859,91.1642084823752,121.489128972278,221.887769019541,253.536435331287,100.076595613499,107.695428176651,124.170007857112,106.667356452524,213.33571175703,120.00018830332,0,190.862503810988,175.272318364918,185.129296670004,116.253592399025,118.274766036346,117.395679222696,457.778508654325,463.721037939377,408.155186014607,466.770253642516,361.708216535852,415.337953914402,357.545492796027,238.310540141932,244.780206317768,96.2441536344751,426.960803596669,104.647277473854,351.818189644099,205.912750635253,423.421713933041,389.765356366495,316.457165487378,316.387260805249,390.951939388367
"49",432.747670694501,137.975939760996,148.79657670377,543.517385882012,123.546679917522,135.426465946557,403.287722962543,389.787737542072,424.806173843736,392.881878647351,431.104213471126,440.072399068528,479.597744498401,212.499845506014,308.467121243785,384.73256784683,391.290480028802,394.472489930407,327.843950298071,317.048374106789,306.081477362825,314.74281327055,169.621207903944,384.834130760698,191.501521454325,183.261921311376,428.780380151094,390.165203992453,431.492504454751,307.302882330679,121.615898708179,146.789473030296,139.062608270647,155.652488021991,192.879234707297,395.4990033168,206.306643210062,199.039877139271,130.226706931138,324.130753829556,350.203787354796,187.749143398376,209.342635829241,153.902645136491,147.876500053308,265.816269277533,142.343893728012,190.862503810988,0,123.958438057355,127.995423775271,159.578071106346,143.479602827776,156.991611325207,490.953526964321,498.239027744097,442.758101074401,499.871219717426,394.48992484478,449.925277455395,390.760774973138,301.589231606664,306.977109172863,194.935544611478,459.542676624753,208.268901833083,385.209617610696,270.653939777241,457.004122705515,424.918701177632,377.69044823947,378.015991296124,425.394025872452
"50",415.72303624313,126.026735419572,133.755111933569,527.693384815107,112.678250484165,120.001222526338,388.042198833521,373.891559857282,407.506666173642,376.668014992434,415.384665530182,424.437209962881,462.722087222721,196.572414177166,292.160095818276,368.946867278077,376.09541337876,378.494358931837,310.04440275184,300.313873197679,289.299636638324,297.909273955898,152.921447651795,369.232035647467,176.290115584641,167.183643717016,411.916200796152,374.665085618858,415.579637974302,289.892005490274,111.576854593088,131.248547196416,123.38249267308,140.053618054145,176.674520450757,380.089539623588,190.230553853385,183.24069721506,115.055028946613,308.854754962311,337.815735084921,171.831132538552,192.450819577734,137.488683778277,132.02941660218,248.913293720445,126.834941211892,175.272318364918,123.958438057355,0,119.891454387964,143.817891460689,127.556156738497,141.277987093096,474.40508725987,481.051594898038,426.202645849528,483.218251442047,379.360018200189,433.768602900677,375.376989759159,284.965211122265,291.445461683101,178.805938923412,443.422844398634,192.475094901066,369.686464765028,254.233927009191,440.952192707564,408.20372196146,361.47596371259,361.714306144571,409.102020316332
"51",424.96181452128,132.519969203826,140.487361012827,534.843085075059,116.997357266582,123.998221759713,397.824279617623,383.324711015554,417.160249366703,386.044670287287,423.878470133792,434.006290813275,473.364200343746,206.542933510863,301.972842930188,378.471974857115,385.098716892919,387.440200305657,320.840188037692,309.460023405375,299.347344372298,307.531494399102,162.761518866957,378.046950979708,185.51699123772,175.953175467466,421.375272896078,383.646936338009,424.650661457736,300.380418076633,116.510722127713,140.575214787137,132.623815318559,148.562049816423,186.200704141471,388.80768608769,200.29817664122,192.499215370643,123.986312547854,317.010609551744,346.866004651142,181.541051841339,202.371919622685,147.007967232011,141.086842595447,259.864559988861,135.970377564676,185.129296670004,127.995423775271,119.891454387964,0,153.738334924104,137.086151925013,150.614652165584,483.672306698253,490.178205939514,435.768664215002,493.287787500929,388.658736609438,443.072444240301,384.486425097914,294.312931152207,300.054446615993,188.983861885538,452.212233494663,202.155588494501,378.223894096565,263.344511513951,449.795930797456,417.02401208854,370.622930614413,370.719717958613,417.690351524093
"52",398.227691290677,169.061112840026,176.660502026011,510.279418518364,143.342375442733,161.758983673228,370.156329186918,355.336724964508,389.765827317818,358.351449409166,395.971881502565,406.507340519074,445.287135384256,137.416027471463,249.270223123769,350.58344691477,357.660669576109,360.126338148933,267.722854311998,256.756677986587,246.583042291313,255.416588616858,105.704773260089,350.163732164164,117.245011877703,118.988731162423,393.895812334598,356.033973131891,396.591845877915,247.026376487815,144.132425856246,91.0983398476055,82.2227977046991,90.2535508906743,119.877091744231,362.151169999437,136.06930190767,125.440838544637,92.5888412391067,254.669983758069,285.122091393086,121.736147188621,137.708021249788,92.3794316755757,82.369585160207,197.333065252764,88.3361960148545,116.253592399025,159.578071106346,143.817891460689,153.738334924104,0,83.8364666171268,86.7491100665674,456.332463718903,462.433003251014,407.927768529337,465.893146779254,360.673893276871,415.322707383163,355.904867315527,242.214387404247,248.223410580317,121.686907322074,426.017807961181,135.022455683301,351.129344530222,208.019763469391,422.9763063471,390.026571998432,319.838821325294,320.118173584035,390.660531158672
"53",394.978587957452,153.347465235536,159.986424613184,507.69798241969,126.610956573281,145.208726240842,367.112164439396,351.889026645503,386.425924026303,355.211313877165,393.687149211116,403.476307461309,442.696377503717,141.343834477694,251.862509126227,347.133101669085,354.45668628049,357.20137328713,271.12842516973,259.640001026202,249.345845511482,257.835072925505,101.268309842221,347.07841215913,119.266622181471,115.663194184061,390.575713441296,353.050610020338,394.591777687482,250.695636872259,127.490362655135,79.2926146087986,72.0444221080155,82.3657620640749,121.453432533212,359.039336386553,137.093245474036,126.258374602255,75.2881518843124,256.132376144029,286.284645721557,119.937045809639,138.926867256143,86.4622907194879,77.0251921261989,199.209811763456,80.971510036835,118.274766036346,143.479602827776,127.556156738497,137.086151925013,83.8364666171268,0,78.7858617224075,453.940662957814,460.914666128988,404.52899035922,463.151847136216,357.280463476718,412.17738211676,353.117424612715,245.290548646456,251.012826154908,123.292565472417,422.967063274425,136.588255089375,348.191802444836,211.083568915456,420.201875252702,386.778381547878,322.673066500806,322.65239362761,387.452320829277
"54",397.609102031787,166.83590223199,173.557774921813,509.412623687832,140.534511337939,159.232937409795,369.462430488596,354.706828381553,388.945910595929,357.821515729325,396.148218792556,406.032187745386,445.09446650643,137.788470620156,250.536318492719,349.904175750001,356.88766882885,359.417733453544,269.956100975725,258.875507457395,247.74060130889,256.916366666997,103.957512790948,349.460662924593,116.055874617345,118.345523748446,393.467657908123,355.310393148053,395.879892949398,249.188639372878,141.606967331761,81.6968239283253,77.3768213594386,85.2334683202751,120.569380807653,360.680123000403,136.539455052448,125.669894823759,88.9115239624413,255.942359637581,285.059022779372,122.250589945998,137.860529763045,88.1635976600143,82.5549417531214,199.210432376189,88.1135893948642,117.395679222696,156.991611325207,141.277987093096,150.614652165584,86.7491100665674,78.7858617224075,0,456.677087024681,462.545741141693,407.443238607439,465.129806242378,359.704641257202,415.210322642199,356.058750713384,244.239877876938,249.330916046371,121.951677420423,425.086404450305,136.190074280671,350.363594143019,210.038444821147,422.302565055913,388.804117332981,321.300175584367,321.87152725473,389.931706967547
"55",320.541359164621,488.559806091009,500.318588225913,294.37900104321,473.763518340607,487.487453935759,488.620716135318,473.410030983258,311.136517208981,476.343506111261,317.926677533794,326.499511569632,233.129541125443,471.150205157268,502.639091969002,468.461660259723,474.51068564239,478.388365799657,522.50516258293,512.625139502548,500.881993586676,508.167987164541,455.387982226108,468.82318296747,459.290455987829,466.196800817949,316.058338046471,473.709499820777,513.19277793173,501.88037952949,472.561458868978,455.199059562387,450.477286149793,459.100621706647,459.798580740368,481.259076147761,472.813414899065,463.042564453234,455.748160922885,575.417717507099,605.037404857375,458.342534581812,467.601706558076,457.236641358888,450.026046313323,512.136627557799,455.735503730863,457.778508654325,490.953526964321,474.40508725987,483.672306698253,456.332463718903,453.940662957814,456.677087024681,0,250.181267903655,328.740045864386,248.289735246644,479.600435798189,336.201534881509,475.041510670706,495.805642372008,503.816281183568,459.543853296057,511.813791857922,474.96489494114,468.044161502899,480.419966349648,538.260869204571,310.34409980655,569.002210682844,567.6543130978,311.549272893447
"56",328.929659030877,494.931269547494,506.906691329784,303.365712900718,480.154786058272,493.916457850231,495.81688634053,480.416118996469,319.303353576639,483.564692186817,326.301082286585,335.420145672984,237.720148425748,477.414860533071,507.801504815138,475.202176007752,481.611013873573,485.4977938051,527.506390881882,517.30954729674,506.340669970616,512.973416275297,461.300489736775,475.272399070197,464.815575469189,471.96742090273,323.489426723616,480.348642428152,520.316379049047,506.947627387986,478.82077500203,460.849795447352,456.422772562673,465.30702161263,464.806360881489,488.138690763711,478.669868063456,469.251692558056,462.361484476178,581.315667664488,607.217446313982,464.269079997586,473.458012608112,463.813066806591,456.797683781742,518.466044134199,462.491909559662,463.721037939377,498.239027744097,481.051594898038,490.178205939514,462.433003251014,460.914666128988,462.545741141693,250.181267903655,0,338.073455173172,259.054385202709,486.349176604967,345.236169186664,482.016629353503,500.507343909529,509.464198072557,464.457895435498,520.713972173724,480.119724741072,474.024560034982,486.166025171623,546.982745786267,318.145070687214,573.333937227133,573.863623628174,318.109381668155
"57",135.42638903152,440.904343915055,452.611930971237,383.271339487807,425.760165983098,439.220558222358,449.229535692005,433.463933869041,130.851595439078,436.784363532465,142.754657132264,147.820653263942,319.918985789476,422.302276944778,452.107207688039,428.972793830747,434.059508794441,438.281742619429,471.373455901394,461.732848850096,450.022341746552,456.746599927789,406.655756023704,428.858707044136,410.34822863077,417.062557109198,137.501860348464,433.596413861112,474.003591259244,451.021380836646,424.447588801856,405.492239516768,401.615719748712,409.687970332941,410.677251264658,440.409903879408,423.411261466676,414.207312297935,407.076060647488,526.120220264753,555.176200248493,410.60967804846,417.935692096054,408.358086464771,401.916504521309,463.241708458903,406.5000323111,408.155186014607,442.758101074401,426.202645849528,435.768664215002,407.927768529337,404.52899035922,407.443238607439,328.740045864386,338.073455173172,0,336.284483646471,439.628438434521,160.695320467933,435.269468421104,444.644054440927,453.884067339989,411.262119067825,471.686649485483,426.006227338324,429.395013861896,430.299484656393,500.548021862311,126.420882260913,518.458521310271,517.476599371969,131.630152227608
"58",327.091830727539,497.132116623012,509.36835089192,298.206016318878,482.557949872267,495.145579134891,494.873017759647,480.086327432223,317.111406095582,483.514976778065,325.482043955973,335.413634014393,240.119714671663,480.298875794088,510.501284503723,474.998396779781,481.183907456502,485.134311725611,530.054221619892,520.298991291502,508.885497913616,515.593082959277,464.430142324811,475.288160924248,468.300491451289,475.201157088066,322.358963521518,480.22561759215,520.599915759707,509.803598610683,481.144875692954,464.168284947195,459.208142812626,467.610786363846,468.336332284486,488.05846863302,482.161121092094,471.140317448807,464.596803593226,582.890718461711,612.956933911556,467.119151116356,477.24737816631,466.822917331604,459.965863859058,520.616224601153,465.200696527169,466.770253642516,499.871219717426,483.218251442047,493.287787500929,465.893146779254,463.151847136216,465.129806242378,248.289735246644,259.054385202709,336.284483646471,0,485.108972588261,343.591488392545,481.952182233905,503.763076576839,511.676516042157,468.963324179073,521.774656616478,483.802021782174,475.096771317007,487.282947871515,545.095423633304,316.242222232997,575.645882352649,575.268077913331,317.45025718432
"59",429.698050269673,394.515424189491,404.732233844733,527.995495946602,378.584870979015,392.10492077697,103.440105708788,89.4211720896504,421.013735670704,95.410648866815,427.036446248409,436.766842394742,468.884524004677,374.667103315017,413.950047893831,96.2807765380892,98.6608555950444,104.843960728289,434.036800032618,422.571489223136,411.82326480003,419.615359398996,358.625983112099,97.4760148922938,361.793806353206,370.166158448727,425.378497678812,92.4637018149499,153.468388080303,412.769583524313,377.166159687929,359.653233876382,352.793150348414,362.856482741482,363.219003473657,99.7861518788256,376.722459300818,367.410320777027,358.972063505216,480.304595491174,509.479151814659,363.666750391287,370.413085480177,360.588179864046,353.875755701695,427.90202096555,358.177215367563,361.708216535852,394.48992484478,379.360018200189,388.658736609438,360.673893276871,357.280463476718,359.704641257202,479.600435798189,486.349176604967,439.628438434521,485.108972588261,0,448.062235543053,97.54022485902,406.978885950686,414.409536865577,362.715731112174,238.37030715768,378.666898287236,100.772727792028,390.573403088188,172.39113376729,421.264103979496,481.582622746338,480.120061643319,421.871610861644
"60",150.568836787714,448.193590309,459.775836644275,390.711023923079,433.516769764245,447.22897941511,456.950353816944,440.592535653277,140.253634750701,445.12231135777,144.888050040695,151.767164097787,327.477839618708,429.6913163378,459.628959380383,437.111975964769,443.303652352926,446.529431743182,478.299039836361,469.304483936413,458.093728643514,464.630523429438,413.734126073126,436.778148103436,416.232546091749,424.518041879918,142.501989311124,441.881631683083,483.087671621068,459.048732037584,432.110670096666,413.100767128431,408.758630493815,417.225344169152,417.882728349271,448.901916449108,431.688024057123,421.466224427437,414.465227395044,533.449459480516,563.459010114936,417.090096859989,425.200524832259,416.082357629518,408.786726609647,471.52428362883,413.558409288801,415.337953914402,449.925277455395,433.768602900677,443.072444240301,415.322707383163,412.17738211676,415.210322642199,336.201534881509,345.236169186664,160.695320467933,343.591488392545,448.062235543053,0,443.924284884756,452.085348743649,459.767436233626,418.062219269328,479.118172526896,432.776676135102,437.573951340123,437.376515024399,508.209287118943,144.371449373711,524.695819553071,525.766322126147,138.3029305442
"61",425.724308538913,390.070013579013,400.553437161983,526.236395887863,375.132200708506,387.565347320015,97.5460252121714,89.0099524942502,416.612062731656,97.1157847058713,423.577204960546,433.039503803775,462.616463736462,369.430441765562,408.954999359038,94.5762676676313,97.5340846836325,100.03202974329,429.701228876267,418.435400396655,407.24799280299,414.781159571238,354.794620801378,94.5999721652232,358.103111978632,365.488157163223,420.540735388626,88.4766119009201,144.894481395743,407.954712941343,373.122871489923,355.853914608813,349.810007346657,358.35431851531,359.065813368803,93.0880637691601,372.306690018335,362.981928147302,355.55698462517,475.918724894136,505.377546210001,359.072708946102,366.892963908981,356.806051225778,350.450040656484,424.560357799867,354.765230770846,357.545492796027,390.760774973138,375.376989759159,384.486425097914,355.904867315527,353.117424612715,356.058750713384,475.041510670706,482.016629353503,435.269468421104,481.952182233905,97.54022485902,443.924284884756,0,402.535810108913,409.185421362396,358.243159317948,230.011299728428,374.181289204519,92.2099155205841,386.02660232395,165.771834669197,416.694492645961,476.585862456868,474.571509579627,418.05428447464
"62",433.3385371886,304.956461150919,313.894722952327,546.070132382953,283.928156636244,300.195277500698,416.478366446078,402.182310543741,425.952181666755,404.682279928039,432.602155714794,441.746943361915,483.691526332703,234.713653267001,105.34443292228,397.345928582099,404.425306356269,406.144743358692,126.006157801833,118.751681587391,100.821355930992,114.525080347733,240.816464070412,396.409840809815,239.322587967653,252.29825023654,430.787172853287,402.791789140038,442.956979932109,107.093297640924,284.093955070862,246.211589318585,242.288936761228,247.073139005519,242.063241188078,408.699855413067,257.660983781231,244.877160770705,250.055770298569,364.222048244995,393.54099784803,245.997475811561,251.735686778913,248.166728720666,240.136213113028,317.284458712206,246.565041231267,238.310540141932,301.589231606664,284.965211122265,294.312931152207,242.214387404247,245.290548646456,244.239877876938,495.805642372008,500.507343909529,444.644054440927,503.763076576839,406.978885950686,452.085348743649,402.535810108913,0,106.601272901015,236.439507886105,467.35347805644,257.368005691859,397.267832469188,107.069494212718,467.934308667222,426.71783126571,184.400051030784,184.093860865606,427.08340581504
"63",441.79938753708,310.466378136063,319.928288138551,555.669595827585,290.352876970217,306.055517405966,423.856854176627,409.955710556406,434.704054193264,411.679287615103,441.08221806197,449.325409439058,487.050392843006,240.785699912245,112.438828125897,404.588336273077,412.118394295377,413.837290873559,129.967739660696,122.130106614922,104.890875391521,121.471202826509,247.221499147111,403.971713337087,245.243084598853,258.200971881952,439.009892031369,410.031971703669,449.701591640386,104.340658419514,289.583043689651,252.196049830543,248.358122294824,251.627056910872,248.216508513676,416.017601875569,264.032424030616,250.85809697289,256.219158607305,369.684170981823,398.926931594092,251.567737453647,257.860948793851,253.974085381395,246.135787298877,324.369282048532,252.882328248108,244.780206317768,306.977109172863,291.445461683101,300.054446615993,248.223410580317,251.012826154908,249.330916046371,503.816281183568,509.464198072557,453.884067339989,511.676516042157,414.409536865577,459.767436233626,409.185421362396,106.601272901015,0,242.09580868256,475.422285714836,262.835511579538,404.528892351158,111.811761481271,474.874526669412,435.474804282478,191.068948945133,187.208258641824,435.647586853208
"64",399.912418008055,203.375300100063,210.482036295798,512.480380508392,178.159252769094,196.986811752256,371.990570851467,357.560813229717,392.483326634906,359.955994573887,399.11854334332,409.507896338541,447.044176855092,128.853189784879,243.400525914905,352.468310882699,359.680905605027,362.134149357426,262.974974905933,251.070072730062,240.799192362612,249.6915767951,108.648830092638,352.0793781009,102.001899060317,116.119654881845,396.831918722277,358.006960363128,398.499312457937,241.366219532959,178.221914907305,125.131334342107,119.647350311098,125.171262271736,101.980479818994,363.865901124204,121.384182228059,108.196633782687,126.946921126581,233.427043668895,266.26938732878,112.417294087991,119.731932897594,127.724349147745,113.796871722431,216.143215517998,125.136890038227,96.2441536344751,194.935544611478,178.805938923412,188.983861885538,121.686907322074,123.292565472417,121.951677420423,459.543853296057,464.457895435498,411.262119067825,468.963324179073,362.715731112174,418.062219269328,358.243159317948,236.439507886105,242.09580868256,0,427.242029536877,112.984567355742,352.474826278227,203.46568392899,424.202421116574,392.675731529617,313.903627227519,314.736900260166,392.446195216243
"65",461.864344026365,457.749896106181,468.414547143034,564.797321129853,443.128704388029,455.466740582205,244.545850353524,229.949339357471,452.566125993009,234.648979198225,459.244775194027,468.765248846495,504.020149424629,438.085430419486,474.593451347415,229.173010988159,233.922213649591,237.724666981119,494.107761958589,483.628526503868,472.212100275787,479.557970274742,423.931928901902,228.705295184922,427.731347650167,435.211670146271,456.191602805999,230.586055628874,276.684207035925,474.157327378397,441.786888442017,424.451341412754,419.570532240978,428.764592811633,428.412880020166,235.723760792924,441.550758410954,432.173648415001,424.986794580101,543.217230966196,572.954081155195,427.454050498706,435.329566419592,426.057269357768,419.461582396785,483.053851634864,424.555357938707,426.960803596669,459.542676624753,443.422844398634,452.212233494663,426.017807961181,422.967063274425,425.086404450305,511.813791857922,520.713972173724,471.686649485483,521.774656616478,238.37030715768,479.118172526896,230.011299728428,467.35347805644,475.422285714836,427.242029536877,0,443.971880481981,227.243337384369,451.871053143569,298.276091400116,452.367390963719,540.31883310489,539.516137135099,454.54567044207
"66",415.428023272657,217.225566681299,224.933606338396,529.123023107936,191.757188861503,210.411551622027,387.803440777049,372.557366348228,406.665956965806,376.04227586745,414.810164465975,424.168607738836,463.789960691347,145.435193093465,264.754970538072,367.886230005083,374.865344020569,378.08168969017,283.581001887208,272.314202509151,261.798411754071,270.817813016679,114.883129709979,367.641135776089,108.96797045009,123.465761608592,411.437596576238,373.484580144123,414.139130278169,263.097093204377,192.002718914194,137.883737306571,133.026609355903,138.036712400557,106.138287219255,379.549883524553,121.547110181421,115.243573743218,138.657343497676,242.442941655267,273.526380347168,116.399730053553,125.886284200141,142.046649535857,125.302775488918,229.731989347587,136.892822781937,104.647277473854,208.268901833083,192.475094901066,202.155588494501,135.022455683301,136.588255089375,136.190074280671,474.96489494114,480.119724741072,426.006227338324,483.802021782174,378.666898287236,432.776676135102,374.181289204519,257.368005691859,262.835511579538,112.984567355742,443.971880481981,0,368.749988211045,224.477680447238,440.528955594707,408.161561795648,334.894593647932,334.951134758048,408.401578550545
"67",419.375735815848,384.393782339969,394.747248907066,519.21746043239,369.603943398326,382.193528599949,108.993806681517,92.4444354690871,410.57926701055,94.7060538633856,416.60880400992,427.537858724538,457.467458986364,364.04481625933,404.11340006195,82.4707810652155,85.4173839745537,90.7561680587876,424.511110554829,412.812151159859,402.039350376592,409.701536606422,348.937925095355,85.3977614639795,352.591724198224,360.274576318233,414.777933065236,92.7145724961666,151.26985694985,402.84196707139,368.085595717616,350.185326759573,344.490102945977,353.240177061673,352.980233564793,96.9581886490046,367.683794711298,356.975920978314,349.721522914622,470.326407273798,499.921266285002,353.108508485914,361.232869567029,350.972215660387,344.148138966644,418.817748256971,349.519362960192,351.818189644099,385.209617610696,369.686464765028,378.223894096565,351.129344530222,348.191802444836,350.363594143019,468.044161502899,474.024560034982,429.395013861896,475.096771317007,100.772727792028,437.573951340123,92.2099155205841,397.267832469188,404.528892351158,352.474826278227,227.243337384369,368.749988211045,0,380.545101066834,171.021376883571,410.493347325388,470.527401082278,470.126951616049,410.941656513059
"68",418.90798724902,274.321431556831,283.07547847642,532.655856193888,253.411649480801,269.534791356101,399.833518161989,385.52301417929,411.401950857679,387.837009825071,417.999245058525,427.370753922724,468.519075339091,203.658785906982,113.107156906229,380.561658876672,387.668129969467,389.895159742216,129.887695624312,119.192775012787,107.252773000263,120.347973507434,207.116163921822,379.735237940736,206.78637957778,218.454745483335,416.197547603471,386.062547325589,425.868366170619,111.912716311476,252.994406574489,212.84623701661,207.89983006249,212.826366631134,209.336902203164,391.890076510163,225.574331270394,211.746541242838,216.294660090699,333.099567983747,364.018986265376,213.379455048239,220.034969127682,214.950008520792,206.457804367423,289.593882395147,213.550506789113,205.912750635253,270.653939777241,254.233927009191,263.344511513951,208.019763469391,211.083568915456,210.038444821147,480.419966349648,486.166025171623,430.299484656393,487.282947871515,390.573403088188,437.376515024399,386.02660232395,107.069494212718,111.811761481271,203.46568392899,451.871053143569,224.477680447238,380.545101066834,0,451.291453583181,411.963673033203,188.866832463776,190.260816937146,412.276885779911
"69",491.152208797367,456.836280350712,466.602553383994,588.663188885928,440.119661538833,454.104415394371,168.278612646171,168.341457599227,482.01901748822,175.589676970573,489.050975107598,498.368510872157,529.426476057113,436.203779215988,475.083216215304,175.003438861006,175.853022001022,183.278555103741,494.982298461855,482.679983665572,472.312514511936,479.941259399008,419.916758714629,175.348230603675,423.64071997121,432.021216759064,486.372859283768,166.958029098302,195.286311332821,473.305604112988,439.185009647308,422.12984864653,416.22445365853,425.148037397401,424.573016861704,168.714850571582,438.932833033549,428.964842529677,421.447820152521,541.904614728858,570.457690989427,425.551318558574,432.929312194687,422.894627509442,416.321483370426,489.15783039922,420.024524254902,423.421713933041,457.004122705515,440.952192707564,449.795930797456,422.9763063471,420.201875252702,422.302565055913,538.260869204571,546.982745786267,500.548021862311,545.095423633304,172.39113376729,508.209287118943,165.771834669197,467.934308667222,474.874526669412,424.202421116574,298.276091400116,440.528955594707,171.021376883571,451.291453583181,0,482.536939981869,542.336799717408,540.398559439199,483.302299083295
"70",122.706519000451,422.930431809667,434.152942777013,363.781406506835,408.049028429098,421.271909982103,430.860456925942,414.696726535991,118.354093878928,418.304566532612,124.544926512624,132.440810158658,300.708197463832,404.019154872168,433.900452425276,410.560555250331,417.1690323537,419.797142171191,451.601925795645,443.44308314091,432.617848708424,438.733418479027,388.366197492393,409.950480927848,391.838866095615,398.707542526659,120.617584284676,415.298233152515,456.231048789246,432.352916178486,406.687196862487,387.619938126216,383.121983330573,391.201465930684,392.420462612469,422.030569978711,405.99053590332,395.341857484528,388.875572254426,507.170205229639,537.45799300917,392.25603782624,399.852208631716,390.357788706411,383.331269423121,445.044353092177,388.07936402937,389.765356366495,424.918701177632,408.20372196146,417.02401208854,390.026571998432,386.778381547878,388.804117332981,310.34409980655,318.145070687214,126.420882260913,316.242222232997,421.264103979496,144.371449373711,416.694492645961,426.71783126571,435.474804282478,392.675731529617,452.367390963719,408.161561795648,410.493347325388,411.963673033203,482.536939981869,0,500.12446950774,500.26756499259,117.993983190203
"71",505.465488895414,381.120828460025,389.395305025831,618.73294182987,360.033430650913,376.411977208015,490.619447075109,476.648100499813,499.986565270975,479.355372583811,506.039568037954,515.254827588721,555.600356375767,312.27098501082,182.978075307975,471.091918987915,479.36493909256,479.410067712037,206.381766333134,195.785526169594,183.743794284908,190.149773540699,318.862243759896,471.185371611237,316.886058133504,328.951842113913,504.318802612732,476.979888839753,516.667109973294,190.52083134527,359.756038007754,323.942542591911,319.457322778165,324.551085874385,319.530219459539,482.948398683018,335.338362614686,321.784391245904,327.402317772394,439.550597851514,470.665875462262,322.670183217667,329.50670289345,324.663874280089,317.178489942987,395.233711148219,324.862652672158,316.457165487378,377.69044823947,361.47596371259,370.622930614413,319.838821325294,322.673066500806,321.300175584367,569.002210682844,573.333937227133,518.458521310271,575.645882352649,481.582622746338,524.695819553071,476.585862456868,184.400051030784,191.068948945133,313.903627227519,540.31883310489,334.894593647932,470.527401082278,188.866832463776,542.336799717408,500.12446950774,0,239.132767816532,500.589813307342
"72",506.65894342021,380.611640338068,389.850553731799,618.580984430727,359.510760778831,375.213002034845,489.052424796418,475.681724614541,499.110108083133,477.117034913455,505.837970463881,515.261709850829,551.724922467972,312.932555802021,183.452778527814,469.898797541453,477.821293834737,478.706488435362,208.332898421978,195.516850974664,186.024776134407,190.423748642422,319.112594090332,469.734160286743,317.461106493508,329.913579464127,504.213222907546,475.295527981826,514.51340448134,191.148229443965,360.679674919706,323.768664178037,320.087032613345,323.555222973317,319.879052366111,481.491924256461,336.173973888659,322.921013302197,327.910401754633,440.047879274438,469.7539241402,322.960381571335,328.903390641821,325.571631758902,318.109758466195,394.728780489538,324.335103282018,316.387260805249,378.015991296124,361.714306144571,370.719717958613,320.118173584035,322.65239362761,321.87152725473,567.6543130978,573.863623628174,517.476599371969,575.268077913331,480.120061643319,525.766322126147,474.571509579627,184.093860865606,187.208258641824,314.736900260166,539.516137135099,334.951134758048,470.126951616049,190.260816937146,540.398559439199,500.26756499259,239.132767816532,0,499.898652169291
"73",123.970869721314,422.952005645265,434.698472070357,365.255105780225,408.605370430051,421.456441211847,430.736946744054,416.383278752898,113.678635736611,419.828199581955,120.358508452786,127.445505695836,300.547175419052,404.847515979353,434.268461003679,412.023467586198,418.562438237067,421.260832455345,453.062671430734,444.065963549739,432.745436074716,439.20892822048,388.909847119295,411.742851038873,392.535057514852,398.966001031488,119.00167565259,416.484387390679,457.429255967224,432.526329621397,407.343068482652,388.335098773557,383.624260149391,392.381776028758,392.667422052043,422.589323783346,406.788979656523,395.91723226013,389.399168856337,507.549896718106,537.334240219684,393.10173778835,400.77588071529,390.952105352178,384.06925744111,445.580584613285,389.079311514466,390.951939388367,425.394025872452,409.102020316332,417.690351524093,390.660531158672,387.452320829277,389.931706967547,311.549272893447,318.109381668155,131.630152227608,317.45025718432,421.871610861644,138.3029305442,418.05428447464,427.08340581504,435.647586853208,392.446195216243,454.54567044207,408.401578550545,410.941656513059,412.276885779911,483.302299083295,117.993983190203,500.589813307342,499.898652169291,0
