"","X1","X2","X3","X4","X5","X6","X7","X8","X9","X10","X11","X12","X13","X14","X15","X16","X17","X18","X19","X20","X21","X22","X23","X24","X25","X26","X27","X28","X29","X30","X31","X32","X33","X34","X35","X36","X37","X38","X39","X40","X41","X42","X43","X44","X45","X46","X47","X48","X49","X50","X51","X52","X53","X54","X55","X56","X57","X58","X59","X60","X61","X62","X63","X64","X65","X66","X67","X68","X69","X70","X71","X72","X73","X74","X75","X76"
"1",0,126.106536554035,433.887454251431,124.823742861241,134.977435833954,154.533427903276,159.606947374861,122.812938994586,125.305360077135,129.569362769797,405.618805753976,149.543127844662,416.041718613775,370.716576279245,401.419193522072,367.290970121034,440.027319626598,696.366969386389,605.844836916223,707.460760276047,391.482665700854,426.01843550393,380.632802587217,413.003187567908,404.533121197629,396.511536217194,732.302379468417,673.452937120001,489.31004509156,383.725703069843,395.467893242818,530.780913919272,395.310059170774,554.770124578856,379.839793693482,112.479034983175,199.609816329782,264.341384666335,124.242331059423,272.009875431386,384.274014039007,375.421085618034,136.2861163517,401.389340942004,410.101181979,139.459961110042,413.417460338232,423.912084876051,139.263731187594,412.021674331029,414.948031098999,135.421033239291,391.663768205452,429.87669697589,414.953224368079,469.921051131171,399.438137808538,138.021948325113,420.850643836184,453.108202490814,450.952029476507,449.303686119003,442.460685188636,369.739127817206,445.690463026898,451.669703874895,439.41906336492,453.721902738245,469.959666810501,372.672746652445,373.872658953635,483.521638981556,443.550624382151,433.981452642449,446.230433704698,127.489834998212
"2",126.106536554035,0,439.455669518811,121.685956127902,131.516805451219,148.851390748372,154.296077212323,116.978987585963,119.579417349248,128.559132431489,411.669101315652,143.238167929073,421.365504229898,375.716602793215,407.15571830033,371.896708273875,445.473439876463,702.589382912001,612.292485379501,715.54337434423,396.410038834078,431.795395283599,384.682053569721,418.225147826199,410.297699757006,402.135924055438,739.287157670153,678.692373455633,494.099502956085,388.116898055734,401.367882120183,535.237270642409,399.613794109728,560.265375685185,384.612123117379,102.859401694965,191.42538435786,256.213608029609,115.640504728362,266.526636785315,389.637367104852,380.913876747816,130.738180049785,406.940893814824,416.29985742549,131.874208712021,419.478767455822,430.570503792404,132.450908510936,416.575277463998,420.680180224863,129.776869959755,396.949177855868,434.98450236743,420.773092185369,476.12330988584,405.424772539065,134.991782402255,427.032590047368,458.139742444427,455.347834276789,453.34520568513,446.478459502811,374.673351481427,450.992887383082,456.819445727548,444.667639133519,459.456235957127,475.505157760621,377.810761327114,378.585395349769,488.807673083471,449.183967561608,439.501308563884,451.830835360211,123.548072508926
"3",433.887454251431,439.455669518811,0,419.343740842127,420.906046778151,434.057221228086,435.511369760286,422.908821752715,415.162329274673,424.971755418498,419.581214152457,426.606959441561,431.059355346156,411.801024619294,440.479772145377,404.469500724935,454.670927652639,432.77698245784,337.451673776941,449.824913235273,427.58716702239,450.32163999132,416.452769855199,453.344350029608,444.373268683563,437.979532660249,767.753947149572,705.77613682412,527.947269577868,419.789838942017,434.306793021388,565.631467029249,431.192252666596,588.157892024964,417.155418344853,415.990731603132,489.217837889683,541.916008973955,421.058479273224,555.3805309475,424.889580239816,416.429208964485,426.504116709578,416.453110604596,424.183488541575,430.411473843238,427.993015445879,438.299469786479,426.019296853228,427.515539958317,429.717173610584,426.466681848603,429.465410074909,467.161990763373,454.584591572206,147.501487572298,413.454139348852,423.405747832207,435.72343209356,490.44040183919,488.688536572333,102.395690056047,89.7860227764405,408.188759689162,97.7174418629765,100.606502392842,98.0599229773296,122.776449782667,136.862616310001,410.421435808857,413.502823935714,158.519970478967,114.495514131842,86.7488527792197,102.973663708823,418.460958872828
"4",124.823742861241,121.685956127902,419.343740842127,0,100.038930769005,131.363507578442,138.916702200539,100.419155390939,89.4846716416063,108.821305238221,390.235204326728,107.711942877696,400.863396415731,356.779132225406,386.964851555147,352.421217596466,424.071447290244,682.344892290698,591.426070375038,695.063952864592,376.607549770911,411.785934007443,365.19018062529,399.803746817409,390.848242768414,382.979401684516,718.725173892757,660.231678111728,473.827744522579,369.899078240558,381.745880463196,516.253816751911,379.947435045703,541.082132776355,365.209565538825,98.6982790551415,185.89607823997,251.548735394132,111.070423923283,260.056940116462,371.035862575318,360.836954167577,104.062741728637,385.635416888261,394.240436496522,99.8854302512333,397.822433662298,408.396188111948,92.2288914301397,395.662950142559,398.516375719206,87.4243073019667,375.979932633564,415.001207154754,401.119773510391,455.882445552144,383.401567766927,99.2323044827797,405.405327757678,438.121597922861,435.25164914552,433.696066670846,427.740360344085,353.823991579302,430.639293707807,436.570834790469,424.437218482364,438.719629835759,455.49559527932,357.844113165765,358.737993193399,468.479182830335,428.769157950087,419.114550764087,430.605500887902,80.7610224895071
"5",134.977435833954,131.516805451219,420.906046778151,100.038930769005,0,132.811990056246,144.287497437857,98.9666845978268,85.1171097455798,112.90120126801,391.17819721282,103.010085629021,401.969970740317,359.438311169934,388.971598275286,355.336284332981,424.548207487558,684.071166012379,593.832466240665,696.213109997716,379.160062751221,413.492177549149,368.357296577758,402.163847728765,394.350141468989,385.76888378958,723.055165971951,662.270667006276,476.817866574401,371.639482326694,383.371527196442,517.46107526556,383.309558685237,544.463877759823,367.919313451021,114.899269580153,201.548854486248,266.03396564972,123.037002542271,274.242779940696,372.008732470143,363.424035419775,93.6576385790833,386.770047184232,395.278855473171,95.8800912878317,399.317084184787,409.609657529746,93.8095773720503,397.408835029123,399.928943972693,90.7917377064457,379.11590424981,418.175906667065,402.611083056478,457.695479193003,384.530948886272,93.5461158248217,406.11710263588,441.192121866737,438.666511175799,436.303530776595,429.589497220262,357.099192259811,432.603378710318,438.498164365045,426.807037342277,440.915628289742,457.401599106926,360.468528222354,361.520283189848,470.662424642775,430.892986408934,421.242000397037,432.764495181743,81.2169608580743
"6",154.533427903276,148.851390748372,434.057221228086,131.363507578442,132.811990056246,0,166.94494433321,129.735780822841,122.948275224799,140.726446494872,405.956009140694,145.431253411627,416.647660328803,373.70575167248,404.640829394561,370.816358790072,440.563388627595,694.406235899263,604.872863045371,707.278959906213,393.842440950456,428.20811597675,383.936034191759,417.223238503034,407.49978202317,400.40891491406,736.042355160052,674.939420935725,490.987155447523,386.483524221335,398.300263483818,534.189654942163,398.401452121765,557.834660140817,383.575308401277,129.963813486293,214.157966163062,277.663257444959,138.985846278003,287.865101259956,387.202697974989,377.909619832689,136.410242956046,402.111250336742,410.66653475775,136.654282389973,413.991662194634,425.01672842388,138.040696264612,412.482484892676,415.355688380786,134.766864935005,394.510557727032,433.133344111199,419.042262180412,469.836872315806,400.124018000355,132.652742578397,421.632963335549,456.320780671191,452.841957433625,449.215076875414,442.888504371572,371.874731609487,445.204743648652,451.626584622739,439.16738981612,453.531749384987,470.299095343955,376.526782447768,377.140372459924,482.751116337086,443.288644363509,433.861225168908,446.589504949426,126.483269194879
"7",159.606947374861,154.296077212323,435.511369760286,138.916702200539,144.287497437857,166.94494433321,0,138.550609609037,135.42998260893,144.215720264507,406.633576870571,152.967018942001,416.802640262581,375.607890040376,405.922950720012,371.446458581093,440.258799472918,696.936956695021,607.146735359214,709.378207228923,395.398323336477,428.517291995001,384.166658527117,418.252050086086,409.226949442492,401.369060657207,736.711367402973,676.156952627641,491.305355261933,388.274471508191,400.236473480138,532.947981041138,398.676602750291,557.671644106228,383.866887907263,137.45214700629,217.061549748992,277.489557474743,144.652033401415,287.335371119578,388.634852883896,380.049715859702,147.004948789074,401.411425176488,410.426214988733,141.575762886535,413.58168761355,424.858648435194,145.434615052454,411.96932749866,415.473727378889,142.163496398061,394.692167328319,434.797426325046,419.111312451426,470.673648832566,400.640799972726,145.903624036092,420.883036562711,456.413805931824,454.250173761094,451.398930030317,445.295865412255,374.835474039304,447.465915970297,453.161078394661,440.927730490555,455.776072399843,471.880024992947,377.348097559338,378.391044033116,485.391325348639,445.90679572731,435.814456637448,448.401551463501,134.397937009818
"8",122.812938994586,116.978987585963,422.908821752715,100.419155390939,98.9666845978268,129.735780822841,138.550609609037,0,98.0470621713326,106.559543846851,393.910655787843,119.770668591621,404.948928537352,360.3770248739,389.393037067343,356.496544977421,428.209222672879,684.84871663787,595.451225650618,698.033358014967,380.167719960286,415.799003963116,367.847495614341,402.717565269432,393.479615407968,385.712892569775,721.197254068932,662.285177616299,477.358951588495,372.620168765373,383.646746373285,517.722277316023,384.383676272244,545.38976680505,369.027520633595,100.016541278168,189.350212684683,254.499305428684,114.036954416491,263.961278057093,372.030518472224,364.524715418762,107.483216780354,389.676644638001,398.428025764094,110.389370330402,401.993485923619,412.343615439016,111.680406160926,399.843889194784,403.255144123773,105.915266079113,380.106255888318,418.826793120434,404.473620766726,458.476141752075,388.325705076993,111.484514301391,409.374155486157,442.333843456887,439.450399290559,436.760998219261,430.768676504341,358.193698007374,433.95602045539,438.299463513629,428.14266404313,441.754489748931,458.323048971512,361.40864141659,362.27581740034,471.145831487994,431.441276088902,422.642676798106,434.345348603366,99.4083275865179
"9",125.305360077135,119.579417349248,415.162329274673,89.4846716416063,85.1171097455798,122.948275224799,135.42998260893,98.0470621713326,0,102.673410162818,385.63407073978,97.518011002969,396.292269537747,352.319917515617,381.750174581065,348.105635774557,419.618741598451,678.534547314345,587.26634360689,690.678404556631,371.24597272961,407.458725259832,360.63130624966,395.245952623652,386.549234329731,378.231645688304,715.683990058972,655.494307185098,469.836189927675,364.652410508418,376.39412686994,512.447161822183,376.173492775816,537.393978202138,360.918276135041,101.214575342529,185.800852305783,251.771250100383,108.740824005186,260.457261743377,365.66520824164,356.38854171995,85.9407753229574,381.629365657083,389.693202845725,88.3445433542603,393.829193558952,404.256530415226,79.3759910344869,391.421943536263,394.628783747668,78.6477435769639,372.11009215392,411.374156931161,396.638036409414,451.478533069019,378.7238688616,80.1882391947551,400.16434204161,434.361859360048,431.508502221183,429.760293139689,423.575877236986,350.091975929759,425.918874623355,432.364839140234,420.063485733843,434.901514350729,451.161085252816,352.912320965492,354.387545671494,463.797050145569,424.303756048459,414.589269479245,426.726582699054,73.0259487656141
"10",129.569362769797,128.559132431489,424.971755418498,108.821305238221,112.90120126801,140.726446494872,144.215720264507,106.559543846851,102.673410162818,0,395.665112716801,125.854392541709,406.170688852561,362.954055354875,392.795642614352,359.016646991311,429.495921482261,687.931677306306,596.607937173069,700.095358883061,381.786686520163,418.190237106015,372.086533447544,405.750937895173,396.393095228987,388.418721008398,725.233326470576,665.268651199323,481.288748743988,375.445019522646,387.530741364598,522.904733007292,386.731972784408,547.85987856316,370.985478017745,106.311991449447,183.994418753586,248.818766273976,114.199605243229,257.771585380374,376.750485764391,366.919451689085,119.273280884408,391.548622318273,400.517231267523,115.083152407319,403.125140904918,414.291921097467,116.627217875475,401.52404181458,404.946210653349,112.826701777797,382.488938690627,421.493089536727,406.750628615009,461.507523091797,389.093366160358,116.254654044098,411.147929471307,444.213955104668,441.821766354034,439.994790657304,433.412841089753,361.174757055498,436.475185405503,442.73674340059,430.657167177867,444.841388071955,461.384819993545,364.183839161349,365.072380265579,474.702094362917,434.692651277221,425.526985773563,436.927954958182,102.439739322428
"11",405.618805753976,411.669101315652,419.581214152457,390.235204326728,391.17819721282,405.956009140694,406.633576870571,393.910655787843,385.63407073978,395.665112716801,0,397.874599480505,109.586807705657,464.099068391301,493.647341349174,458.028418731583,128.398729175371,689.313603777738,598.584586292301,698.885164540758,481.827550600786,509.479097193623,471.193427015529,506.202606391828,497.036466940008,489.759823665603,815.775480224936,756.922399467798,578.006220407122,474.627081339304,487.62597522999,615.391465148184,486.064487007186,641.500477384204,470.921138652404,388.174577280417,463.707114690681,517.782239668053,394.086072655542,532.115159661213,477.611723445663,468.7068214208,397.127784036042,95.041488317001,111.272205837134,401.498007466514,100.822713665932,122.045236976322,397.134267966073,109.324926093315,104.312559327086,397.042185352771,483.980842412277,522.774364307638,506.772888767695,456.965956429864,99.1063777026022,393.702236510382,118.71040925348,542.739957640061,541.083454491101,436.320537357878,430.75265495916,461.298295629088,434.010897250679,439.580991033483,426.841843439412,442.806721743274,457.846882358618,464.861169720864,466.972527856587,472.353368748321,431.373092592033,421.737348143283,434.744477647465,389.486729112006
"12",149.543127844662,143.238167929073,426.606959441561,107.711942877696,103.010085629021,145.431253411627,152.967018942001,119.770668591621,97.518011002969,125.854392541709,397.874599480505,0,408.569710870125,365.33817831828,395.856966587575,361.166350487537,432.418158138947,688.571751941015,599.451975595123,701.760592413384,385.281942824945,419.923529008455,374.280489837493,408.208318774224,398.715353673817,391.631469669564,728.882504983329,667.150465842202,483.096552100763,378.204970026141,390.148687954712,524.334008360777,388.662952720962,550.884248168476,373.95482046984,129.244950980195,213.44348659843,279.346886785506,135.98896680944,287.472488028636,378.922594269605,369.086794274206,110.530699180472,393.783101792093,402.545069368649,98.0303736782236,406.240169179236,415.923979620501,96.1347495967616,403.344363839461,406.756382817926,96.8923569692495,384.874916204579,424.08487858926,409.126128694643,462.971058424228,390.932935616331,101.755263501577,413.736310036958,446.651749522462,444.056605543575,441.614541448158,435.358309298476,362.854724499595,438.285700098456,444.46150154463,432.174215606797,446.651034667107,463.349137230116,366.607883514009,367.576908338815,476.317445210597,436.474178992913,426.070499341005,438.400614633974,84.8602656047126
"13",416.041718613775,421.365504229898,431.059355346156,400.863396415731,401.969970740317,416.647660328803,416.802640262581,404.948928537352,396.292269537747,406.170688852561,109.586807705657,408.569710870125,0,475.817698488534,504.660831654439,469.174875316071,144.989014401982,699.881345248898,608.886311143145,713.328754592317,492.607471797548,520.28378156458,482.457245120005,516.99783345563,508.123997185224,500.201552241571,826.533742311033,768.577105312129,588.426864577068,485.218545366795,498.613386718467,626.095758124786,497.209176796974,650.676457228314,482.008270237173,398.570346752646,474.334611535778,528.437879341887,404.324499411823,543.118263778291,488.428097658217,479.631424199062,407.425495406373,98.6902059786727,134.73825072893,412.005302301057,123.93131864177,131.652568652317,408.235261104689,125.977059498158,129.66454022243,407.567220900728,494.654255109999,531.897768363068,517.580698870881,467.954439584253,101.940668734263,404.405917198643,144.240204330566,554.494338126087,552.562117485653,447.461635145012,441.710733562418,472.011668965382,445.411915745321,450.540177253116,437.562084398229,453.84457108648,469.092827192701,475.787466286773,477.934884707525,482.855291642419,442.948610858802,432.608661879955,445.490894271561,399.798008971573
"14",370.716576279245,375.716602793215,411.801024619294,356.779132225406,359.438311169934,373.70575167248,375.607890040376,360.3770248739,352.319917515617,362.954055354875,464.099068391301,365.33817831828,475.817698488534,0,195.595028140543,189.974678073637,499.318988251614,677.822665938656,585.918667687851,690.621516428836,211.403024003583,276.938870340206,198.823881072483,198.262621337856,188.317093337222,181.878130447032,562.219841541384,496.641022342383,298.024491113204,179.832459885341,182.168591886057,369.690221410551,219.962627678252,397.151754031782,204.515764276284,352.726725806708,426.724604500213,480.397883260127,358.7748999209,494.249982594574,172.454856687849,174.264485078512,365.386413873836,461.114084337949,469.579473054031,367.380475483049,473.195456656391,483.370943371934,364.098652494726,470.463840142374,473.471325567554,364.09278055459,191.940505664459,220.253046709401,206.612735635126,448.024935204105,458.376449370505,361.215910204909,480.135654261973,254.936142510584,250.181296912184,427.769697520218,421.190958364366,172.849413941388,423.643398229368,431.298681611653,418.17986793815,432.275622496873,448.523271179959,173.56204011455,174.535042115043,461.742407436015,421.55386804555,411.753882116841,424.950066125093,355.601195249719
"15",401.419193522072,407.15571830033,440.479772145377,386.964851555147,388.971598275286,404.640829394561,405.922950720012,389.393037067343,381.750174581065,392.795642614352,493.647341349174,395.856966587575,504.660831654439,195.595028140543,0,194.654629306247,527.584463094912,705.826146115942,613.061466276356,720.313457176765,215.95784564443,285.150230854721,200.459014309754,275.070448506369,264.917492791719,260.260224929478,611.928275344117,545.794644870799,343.867207529606,227.025103499978,258.202165926017,376.597127521292,225.388903032662,404.92501734142,208.65892426446,383.967205386892,458.063973653257,511.528192925074,389.59765720981,525.426199613823,227.379869220344,207.892984257012,395.687190673882,490.756981975967,498.994181743908,397.046990004663,502.226716898028,511.695760341085,393.830165332207,500.579794231637,502.224982454247,393.27026982738,160.0360618759,206.899133243128,196.153964698846,476.351897129195,487.593177478642,392.26714088425,508.995513695501,232.291627494704,227.373268356542,454.952097351448,449.307947374091,167.71004240646,451.16671154273,458.095459920431,445.350694676911,459.629810468994,476.577192176678,164.948528680314,174.504178188024,488.990676364323,448.945568378547,439.012155456289,452.409150682687,385.642350923953
"16",367.290970121034,371.896708273875,404.469500724935,352.421217596466,355.336284332981,370.816358790072,371.446458581093,356.496544977421,348.105635774557,359.016646991311,458.028418731583,361.166350487537,469.174875316071,189.974678073637,194.654629306247,0,492.682698531748,670.253837020879,578.857966515656,684.367523691718,131.118819316444,213.994987947518,120.963776975495,255.281639691726,244.563030713105,238.431952421637,586.152854054107,520.79941473638,321.536295514342,200.7185113117,237.487622873262,293.868289694493,136.675195371838,324.785505909898,120.919689996842,349.314021930594,422.80617207378,477.08564838465,354.288011182385,491.361782388845,205.934401428057,189.850448630569,361.31487189635,453.807149012295,462.939214426977,362.372598626847,466.47463001779,475.661206486249,359.639444777013,464.935279365413,466.334559507996,359.416482184593,185.169288439983,220.140461104167,209.055659567809,440.577704300929,450.398677065336,357.524469313093,473.19098837774,249.157905361527,245.512426743674,419.613617760072,413.431854765569,136.528553519223,416.027359134391,422.92375634439,410.147230162797,424.266893490043,440.297837490954,145.526187515257,134.503832572031,452.769472806959,413.680947706486,403.503411343537,417.888223183088,351.154759666099
"17",440.027319626598,445.473439876463,454.670927652639,424.071447290244,424.548207487558,440.563388627595,440.258799472918,428.209222672879,419.618741598451,429.495921482261,128.398729175371,432.418158138947,144.989014401982,499.318988251614,527.584463094912,492.682698531748,0,723.466547914751,631.834095279876,736.528897372172,516.373621797554,544.331216674944,506.650180419562,540.458179324596,531.184350352243,522.160555775317,851.615509057256,791.099331150687,611.404159159514,508.228187840808,521.382689314636,649.446880814903,520.875804980825,674.944398850984,505.500624621248,422.552949509762,498.615703809546,551.11379876263,428.486567244194,566.146835664684,512.346703371157,502.904583067285,430.778695275973,126.735506284792,138.315967448654,435.387491032997,138.357784520515,145.521520834055,431.132788776806,141.228817273179,132.14668443672,430.437345721748,518.26782190594,557.371690725916,541.296433443217,492.046493630482,123.444907877574,428.118074467169,147.263247187422,575.616322207952,575.185070992323,471.179163837552,465.035916501243,495.392564185697,468.825528162726,472.765563490437,461.054512195268,476.679277545239,491.010873361612,498.603693324492,501.636311775235,507.115937825878,466.3051759223,456.451428363366,468.492008638826,423.22593653017
"18",696.366969386389,702.589382912001,432.77698245784,682.344892290698,684.071166012379,694.406235899263,696.936956695021,684.84871663787,678.534547314345,687.931677306306,689.313603777738,688.571751941015,699.881345248898,677.822665938656,705.826146115942,670.253837020879,723.466547914751,0,538.620129366459,659.024508496312,693.973547589038,715.791485621433,683.641009236976,719.19776580267,708.758504394859,704.650168749161,1023.38962687717,962.418777264831,789.281854139677,682.69312448174,700.025563653261,826.981485214721,696.016054956729,849.765718793814,683.911327359102,678.565897325829,750.021687647352,801.815355499908,684.425871614435,815.311653006471,689.782972421385,683.24300866379,688.573037204489,686.246274681352,692.552376520202,693.510191793618,695.912239824543,707.49223110459,688.718619124186,697.206844679548,697.622656038178,688.810769290014,696.987597123859,730.507436571148,721.557773607401,473.663353293033,683.464221756958,686.424694935864,704.651501073338,757.28936648266,752.544274490101,444.611421458686,437.069181971573,673.723779257129,438.457163951958,446.902009646493,435.369269663144,449.865801775111,467.986179591677,676.960688721436,679.761457307294,483.242925953276,440.304690500263,425.203375623059,439.905370155493,681.790584311097
"19",605.844836916223,612.292485379501,337.451673776941,591.426070375038,593.832466240665,604.872863045371,607.146735359214,595.451225650618,587.26634360689,596.607937173069,598.584586292301,599.451975595123,608.886311143145,585.918667687851,613.061466276356,578.857966515656,631.834095279876,538.620129366459,0,549.348687370788,603.042285484567,624.00404891652,589.722436906329,626.413592360351,618.763029690461,609.653608846142,938.287968126496,875.246589150255,698.327093049976,594.055750786021,608.02948869993,737.784287968087,606.271961925418,760.110119832832,591.969091031595,588.603557589996,658.975983426902,713.432069991321,593.444151688628,726.69869172869,597.82546816623,589.622149973386,598.142919666602,595.603537351235,602.710251106244,602.203200366374,603.409203961781,615.230603070762,598.778221796317,606.252656656081,608.341446618517,598.597061070546,604.460485933732,641.954324791327,627.001402158229,378.266349030191,591.803099179964,595.74312068465,614.501998418088,664.026596725889,661.548958547206,350.669841354671,343.275994854317,582.498919989034,344.822135391734,351.824949313481,340.044046127681,356.228251744793,373.715781168001,585.122510891818,586.108181715817,390.681829483537,347.091387105697,330.436331153627,346.911538524756,589.583677264032
"20",707.460760276047,715.54337434423,449.824913235273,695.063952864592,696.213109997716,707.278959906213,709.378207228923,698.033358014967,690.678404556631,700.095358883061,698.885164540758,701.760592413384,713.328754592317,690.621516428836,720.313457176765,684.367523691718,736.528897372172,659.024508496312,549.348687370788,0,707.672505427211,725.416957406309,695.979064829304,732.428197188131,721.510958634209,714.904942000026,1032.29440113767,974.95335817628,799.846183290879,698.051071564905,713.52549876096,841.318512101066,709.273808059534,863.104178030272,696.915073812784,692.756925732037,760.826131755724,817.224392629819,697.618958960153,828.301878572329,704.237444512552,695.428190076599,703.051840370994,699.323493942363,704.038319553588,704.99662069393,709.493208988429,718.875735469331,701.377221894162,710.856123812486,711.996419532526,702.508175426757,710.341062052876,744.925704967625,731.552847502784,490.253735999033,697.295411008501,699.858843672504,719.227938564651,767.154590906226,768.441309970915,463.13404048099,455.409660805487,688.36833920089,456.675343707463,464.397109397358,451.612123474017,469.180656316944,486.711439250708,691.628702536311,690.381793274169,499.984767826348,458.880044184253,444.174574677132,458.137780079924,692.72557510589
"21",391.482665700854,396.410038834078,427.58716702239,376.607549770911,379.160062751221,393.842440950456,395.398323336477,380.167719960286,371.24597272961,381.786686520163,481.827550600786,385.281942824945,492.607471797548,211.403024003583,215.95784564443,131.118819316444,516.373621797554,693.973547589038,603.042285484567,707.672505427211,0,231.969277349839,133.338778501165,277.286634631666,266.434893432343,261.820956917558,609.445992228011,543.972694091489,344.701719066707,223.425826853424,259.873114259279,314.125944574294,144.031502962983,346.648155630281,145.842134192609,373.238513772301,447.338655906852,500.710676458124,378.27354207996,514.403258355903,228.543972089519,211.738413635777,385.325951496433,478.121198655311,486.700872875727,386.953752303653,489.92029795325,500.160007473384,383.32409449714,488.422198493463,490.495085292619,382.517326381934,208.240083419389,243.592053176706,228.521230606345,462.769503134744,473.643823527744,381.01775488939,497.192115702272,270.695684919204,266.708807452163,442.463332282231,436.925736640772,156.13509958229,439.252735034844,446.177095170273,433.253805420595,447.264452858027,464.580629007959,164.316230830476,158.479554593987,476.09519145033,436.897139743948,427.021778862201,441.192913235582,375.247047206961
"22",426.01843550393,431.795395283599,450.32163999132,411.785934007443,413.492177549149,428.20811597675,428.517291995001,415.799003963116,407.458725259832,418.190237106015,509.479097193623,419.923529008455,520.28378156458,276.938870340206,285.150230854721,213.994987947518,544.331216674944,715.791485621433,624.00404891652,725.416957406309,231.969277349839,0,221.811970075383,339.735317976087,328.81755019003,323.749164389218,665.744429067817,599.502998665037,407.51043936205,287.372437308997,321.774031252196,390.999134704626,234.376619201604,417.878813954598,224.981985789233,408.701650887793,483.072086391449,535.530054929119,414.095269248711,548.713316090258,292.652454751248,277.429534685623,419.611309724779,505.809726243126,514.894221763082,422.981780545841,518.096453377608,527.751211097101,418.027648992164,515.719394780202,518.062465961739,419.312300419241,276.184565970469,313.03589116045,299.961883502031,484.262590606022,502.414159849963,416.435423401998,525.595054262866,339.152154633158,334.917757590522,467.060413500016,460.207490276846,227.924071135486,461.922495910885,468.574339889791,455.380741668265,471.327641905449,487.530784965303,240.431642134849,233.798580457126,499.96685292803,459.722555045985,449.881651467563,465.127864094311,411.251115167332
"23",380.632802587217,384.682053569721,416.452769855199,365.19018062529,368.357296577758,383.936034191759,384.166658527117,367.847495614341,360.63130624966,372.086533447544,471.193427015529,374.280489837493,482.457245120005,198.823881072483,200.459014309754,120.963776975495,506.650180419562,683.641009236976,589.722436906329,695.979064829304,133.338778501165,221.811970075383,0,264.366438120436,254.825274671843,248.877589391266,597.800147968104,532.395754758561,332.376467837998,210.749408172105,246.489230839918,307.635110431422,141.132661793826,338.61815933426,136.364311358316,362.353246222845,436.868116543244,490.468588224505,367.713662605802,502.805027566663,215.529077439938,199.634083859273,374.293115976199,466.849398139356,476.578026764992,376.182132032561,479.863596135143,490.098894117399,372.123704360161,478.464444837789,480.010496602694,372.11562080566,193.536414211713,228.506850919453,215.653105494179,452.682245481227,464.679639601368,370.724160550786,486.987523550149,256.375747538255,252.550397643835,430.469043557716,425.476617308305,143.049101376531,428.08331639862,433.993956825813,421.942077196553,436.334474561296,452.39843096798,152.380031892055,146.302777204016,464.259585182034,424.453958376528,415.863283646583,429.179764081835,364.353745788775
"24",413.003187567908,418.225147826199,453.344350029608,399.803746817409,402.163847728765,417.223238503034,418.252050086086,402.717565269432,395.245952623652,405.750937895173,506.202606391828,408.208318774224,516.99783345563,198.262621337856,275.070448506369,255.281639691726,540.458179324596,719.19776580267,626.413592360351,732.428197188131,277.286634631666,339.735317976087,264.366438120436,0,168.233438089716,161.873597173631,595.024792337364,528.573075587104,329.39980620483,210.428501165146,158.793072499478,430.835730391383,283.895320783673,457.005639563585,270.16909145995,394.958214899768,469.039584259478,521.870338398323,400.90589542507,536.81871955381,202.604963239834,221.926157507458,408.227524897509,503.86325806663,511.616308080332,409.538998106508,514.884296531086,525.570376581797,405.731073116997,513.165267875499,515.163215765001,406.805200609134,270.033789489708,299.925026391994,287.074824014112,490.649783646023,500.723514350669,404.856101520436,521.528664918307,330.775683867776,326.692735696023,469.196789949095,462.986026903329,242.236564292839,465.691547486481,472.401640791822,459.112631679851,474.61469207676,490.567438828478,243.221801291496,242.098883043455,503.140321848508,463.145849386084,453.348039234247,466.567302106384,398.222204838233
"25",404.533121197629,410.297699757006,444.373268683563,390.848242768414,394.350141468989,407.49978202317,409.226949442492,393.479615407968,386.549234329731,396.393095228987,497.036466940008,398.715353673817,508.123997185224,188.317093337222,264.917492791719,244.563030713105,531.184350352243,708.758504394859,618.763029690461,721.510958634209,266.434893432343,328.81755019003,254.825274671843,168.233438089716,0,149.926401706317,582.904937370515,517.549566715443,317.52520404451,201.836157050486,148.937364074655,419.846110431384,275.306855982185,446.110070533509,259.996181656903,385.627357816682,460.523704101889,514.324862765649,392.182402918983,527.476318278462,194.088387204564,212.847662234734,399.884823925928,494.327414223507,501.981312008161,402.150587795872,505.613211938498,515.163877350246,397.669467163254,504.064307224285,506.278073684721,397.022598639979,260.444859672925,290.324975470885,277.556741162546,481.405652991179,491.522003602013,396.5001743804,513.028801462252,321.130180068228,317.543274888299,459.619614763582,454.053218299182,231.97687271152,456.715832539314,463.228243398238,450.28040924089,465.185762731964,480.879897723653,234.019380458665,232.232654144383,494.101478954912,453.279349015305,444.473723377087,458.169224163687,390.071833955342
"26",396.511536217194,402.135924055438,437.979532660249,382.979401684516,385.76888378958,400.40891491406,401.369060657207,385.712892569775,378.231645688304,388.418721008398,489.759823665603,391.631469669564,500.201552241571,181.878130447032,260.260224929478,238.431952421637,522.160555775317,704.650168749161,609.653608846142,714.904942000026,261.820956917558,323.749164389218,248.877589391266,161.873597173631,149.926401706317,0,575.693460594829,512.616805672866,311.558443670878,195.559739252213,143.081361908224,414.438798404407,268.613953273471,439.497745605189,254.307682239118,378.193670981796,452.363494924026,507.223124643803,384.108650822221,520.221554174,189.330130511415,206.409985061171,391.463813869516,486.075730988252,494.555587506669,393.311371794252,498.197452021594,506.917658301532,389.304358746275,496.561458974769,497.394670447922,389.697622474895,254.070691599461,284.283410040518,271.593287267963,474.67949405298,483.095162327669,387.713827901846,504.150418926209,314.459009707662,311.358731199019,452.6868830252,447.085251097276,225.846833289277,449.656350793294,455.937098485719,443.288944097209,458.061785459528,475.100964529846,228.230694263816,226.608593344207,485.848257837421,447.608206679222,437.597175875309,451.032036420986,381.097327152679
"27",732.302379468417,739.287157670153,767.753947149572,718.725173892757,723.055165971951,736.042355160052,736.711367402973,721.197254068932,715.683990058972,725.233326470576,815.775480224936,728.882504983329,826.533742311033,562.219841541384,611.928275344117,586.152854054107,851.615509057256,1023.38962687717,938.287968126496,1032.29440113767,609.445992228011,665.744429067817,597.800147968104,595.024792337364,582.904937370515,575.693460594829,0,822.181910130754,628.410673160253,562.843426448168,575.547152841224,752.559488972948,614.125258314792,782.932394599682,602.639649447838,715.538338218064,788.118730882457,839.47560242188,720.381941337629,849.211059527189,555.208689958052,563.056264673206,726.929001005619,811.305361112205,822.307456490911,730.6522227085,824.310130479974,834.396031090708,725.648979427235,821.809704553159,823.278657878218,725.607661325217,603.740359542698,635.762006935724,624.613275858159,800.574662703506,810.483608000482,724.313960987707,832.10663884429,663.911927141705,661.640575560465,783.436251968142,778.006980259979,574.526622681305,779.400976547796,786.013382025506,773.148512997382,788.039979006265,804.872819150969,578.100125617946,575.852585467347,815.161955430263,775.874162146703,767.171347110809,779.260119903201,718.857075486502
"28",673.452937120001,678.692373455633,705.77613682412,660.231678111728,662.270667006276,674.939420935725,676.156952627641,662.285177616299,655.494307185098,665.268651199323,756.922399467798,667.150465842202,768.577105312129,496.641022342383,545.794644870799,520.79941473638,791.099331150687,962.418777264831,875.246589150255,974.95335817628,543.972694091489,599.502998665037,532.395754758561,528.573075587104,517.549566715443,512.616805672866,822.181910130754,0,554.564131027468,496.550382794269,508.575641109007,692.073108458132,549.835590809764,711.109229551301,537.157156647123,656.116073671659,724.852196955624,779.816990694358,661.336226580799,793.299274981691,490.344793275634,495.03147947935,667.922282618179,754.448608848519,761.892091911088,669.237005674985,766.650776354559,774.547227412933,666.703296466688,762.454844901713,767.182644758715,667.081648155723,539.119858974028,570.249391729811,557.459844488501,742.570243722384,751.178823559329,664.553611652774,773.330342142555,600.640540385553,596.181834321944,723.487260576139,717.059235371143,509.03155877266,715.735195430212,727.540968042507,712.684927182561,727.605744541541,745.043040626612,512.843282177637,512.4310481334,756.419418354103,716.684426669857,707.229655095948,719.885358546629,658.910693422818
"29",489.31004509156,494.099502956085,527.947269577868,473.827744522579,476.817866574401,490.987155447523,491.305355261933,477.358951588495,469.836189927675,481.288748743988,578.006220407122,483.096552100763,588.426864577068,298.024491113204,343.867207529606,321.536295514342,611.404159159514,789.281854139677,698.327093049976,799.846183290879,344.701719066707,407.51043936205,332.376467837998,329.39980620483,317.52520404451,311.558443670878,628.410673160253,554.564131027468,0,296.795254866287,311.824474217925,497.409654235647,351.435583433547,526.140201990931,338.377202012142,471.351223949641,541.855684372064,597.198389976206,476.260455141191,611.236729618597,291.13277243436,293.62575248593,482.986990077334,574.766122299702,582.77858726876,484.847689570054,586.986545688536,596.458937939506,481.955050305265,584.461618832499,586.772170458789,479.931694813792,340.458166513125,371.534662136764,359.218346074253,563.908086477595,571.344671674228,480.184303419958,593.628810193322,400.180596944841,396.895438146695,543.659637227134,537.767011321662,309.599262910927,539.268127742365,545.616695387602,532.763501447973,547.775581431369,564.928470695497,310.759390568449,309.343222537178,576.214251316335,536.556167904388,526.439877095362,540.162512337935,473.157131258424
"30",383.725703069843,388.116898055734,419.789838942017,369.899078240558,371.639482326694,386.483524221335,388.274471508191,372.620168765373,364.652410508418,375.445019522646,474.627081339304,378.204970026141,485.218545366795,179.832459885341,227.025103499978,200.7185113117,508.228187840808,682.69312448174,594.055750786021,698.051071564905,223.425826853424,287.372437308997,210.749408172105,210.428501165146,201.836157050486,195.559739252213,562.843426448168,496.550382794269,296.795254866287,0,194.395196322617,381.352666029042,231.19551266797,406.12465531126,217.034044236281,365.523133768361,438.611408311249,492.204539526013,370.884381898313,506.483684677257,163.20426930597,182.889340557815,375.779668424816,471.960545751674,479.206917682251,380.254611507409,482.751497400729,493.405732508507,375.953585256189,479.993329231704,483.640778685563,376.731882767754,220.072202882076,250.766899881186,239.523793320984,454.803521375891,468.817737744244,374.67692098377,490.213098460769,281.197606718621,277.256805995219,435.082319249791,429.382596628226,188.76663967508,431.712626386603,438.87176901303,425.638487072915,441.205168229513,457.134851195087,191.671545124561,188.464507501636,469.011806414843,429.530343471698,419.623333279748,433.182507800744,367.623500048085
"31",395.467893242818,401.367882120183,434.306793021388,381.745880463196,383.371527196442,398.300263483818,400.236473480138,383.646746373285,376.39412686994,387.530741364598,487.62597522999,390.148687954712,498.613386718467,182.168591886057,258.202165926017,237.487622873262,521.382689314636,700.025563653261,608.02948869993,713.52549876096,259.873114259279,321.774031252196,246.489230839918,158.793072499478,148.937364074655,143.081361908224,575.547152841224,508.575641109007,311.824474217925,194.395196322617,0,413.728439265033,266.316720897039,436.916792401334,251.387083209669,376.943896956134,452.132666090753,504.912770373914,382.87486725258,517.242763253838,187.700154549,203.337698963495,389.766838250108,484.905538476185,492.503904547706,392.015324826753,496.360431047547,507.238837808705,388.030414929525,494.005920320185,496.597533156602,388.03130174251,252.507665747073,282.846199072697,269.865082672192,472.262069483155,481.680760962081,386.470913486808,503.557613147198,312.935968165072,309.22198589164,450.536483028658,444.006668058652,225.000718846102,446.843367844255,453.270213517261,441.304142010274,456.135545783723,470.716407960783,226.278125482129,224.267940392055,484.866798941518,443.861388558839,435.606058919748,447.895213050576,379.742516507456
"32",530.780913919272,535.237270642409,565.631467029249,516.253816751911,517.46107526556,534.189654942163,532.947981041138,517.722277316023,512.447161822183,522.904733007292,615.391465148184,524.334008360777,626.095758124786,369.690221410551,376.597127521292,293.868289694493,649.446880814903,826.981485214721,737.784287968087,841.318512101066,314.125944574294,390.999134704626,307.635110431422,430.835730391383,419.846110431384,414.438798404407,752.559488972948,692.073108458132,497.409654235647,381.352666029042,413.728439265033,0,320.774779081699,478.110276601276,283.8994029882,513.412975883465,587.282535664308,639.886963229628,517.593923004603,651.354832620379,384.78504985219,369.051977284976,523.877388953391,611.411059094471,621.242973204628,526.928363729156,623.413194343982,632.664999916973,521.249287247293,622.750674544982,620.548945777927,522.945200886062,367.677841315655,403.069229970349,386.888954308917,601.335244698254,607.419425748226,520.626034790294,630.68585246065,429.453839898319,425.767415215408,581.115752571138,575.656390485511,322.554448891715,577.525374778771,583.959510164023,571.186677012187,582.726146766691,602.017704347836,328.551637842981,323.245397496696,613.917533046733,575.545068875505,562.935032607884,578.286613416758,515.242427796745
"33",395.310059170774,399.613794109728,431.192252666596,379.947435045703,383.309558685237,398.401452121765,398.676602750291,384.383676272244,376.173492775816,386.731972784408,486.064487007186,388.662952720962,497.209176796974,219.962627678252,225.388903032662,136.675195371838,520.875804980825,696.016054956729,606.271961925418,709.273808059534,144.031502962983,234.376619201604,141.132661793826,283.895320783673,275.306855982185,268.613953273471,614.125258314792,549.835590809764,351.435583433547,231.19551266797,266.316720897039,320.774779081699,0,353.055116977154,152.723574348101,377.098369194249,451.120155544086,504.983588221643,382.794699760917,517.6364748987,236.008666332797,219.942582373291,388.54443975707,482.783823199247,490.966629702126,390.546129474726,494.19814444759,504.777501300853,385.96989452574,492.512509315066,494.035853535921,386.943867828199,217.017970973158,252.236397339735,239.787745878772,467.338883527408,479.37244068538,384.750328943874,501.415642163508,278.764533554736,275.255781361738,446.014553552419,440.30791398819,166.207760972128,443.021412298994,449.791999801001,436.305756735524,451.510863583243,468.442256259887,175.091970993095,168.711351773599,480.450842324763,440.43102491348,429.480393633439,444.316143292381,379.048070169427
"34",554.770124578856,560.265375685185,588.157892024964,541.082132776355,544.463877759823,557.834660140817,557.671644106228,545.38976680505,537.393978202138,547.85987856316,641.500477384204,550.884248168476,650.676457228314,397.151754031782,404.92501734142,324.785505909898,674.944398850984,849.765718793814,760.110119832832,863.104178030272,346.648155630281,417.878813954598,338.61815933426,457.005639563585,446.110070533509,439.497745605189,782.932394599682,711.109229551301,526.140201990931,406.12465531126,436.916792401334,478.110276601276,353.055116977154,0,314.90899794068,538.238240380443,611.741826332604,664.559109516593,543.151978072336,678.709209930408,411.04837094537,398.192011773397,550.440261790274,638.077738188791,647.417842900408,552.189776617651,649.033449230526,659.805603289922,549.07821485426,646.666459001099,649.767802354781,546.701443862457,395.337985386903,430.902950225323,419.159126207293,623.323509577748,634.237160387553,546.90034965668,654.807072785647,456.820976672821,454.556046156062,605.643904020178,598.877777498735,351.091486055328,600.091901290047,608.205340617034,592.737974420736,609.455957370926,626.119552995388,358.890550574242,353.09878091354,637.834991302077,597.435942978526,589.607838469073,604.075737815161,541.10078449369
"35",379.839793693482,384.612123117379,417.155418344853,365.209565538825,367.919313451021,383.575308401277,383.866887907263,369.027520633595,360.918276135041,370.985478017745,470.921138652404,373.95482046984,482.008270237173,204.515764276284,208.65892426446,120.919689996842,505.500624621248,683.911327359102,591.969091031595,696.915073812784,145.842134192609,224.981985789233,136.364311358316,270.16909145995,259.996181656903,254.307682239118,602.639649447838,537.157156647123,338.377202012142,217.034044236281,251.387083209669,283.8994029882,152.723574348101,314.90899794068,0,361.885608338038,436.55559184034,490.54872512481,367.626354904121,502.743838915827,221.645874450901,204.78951993261,373.555751305522,467.360068555912,476.347648529235,375.54292001604,479.257160989091,489.718400310853,371.833618613634,477.273594881248,479.077639317216,372.10312828138,200.022294925319,235.856621602521,221.087222106973,453.287243107538,463.802421628786,370.205894771397,486.302685251067,262.57733015094,259.032593213047,432.381819857501,426.33386251582,151.012147811689,428.772566458508,435.65633732353,423.016240136489,436.782636306758,453.336154924285,159.735699152625,150.529975248461,466.074085802656,426.543574473397,416.601150191077,430.716418283752,363.770910689922
"36",112.479034983175,102.859401694965,415.990731603132,98.6982790551415,114.899269580153,129.963813486293,137.45214700629,100.016541278168,101.214575342529,106.311991449447,388.174577280417,129.244950980195,398.570346752646,352.726725806708,383.967205386892,349.314021930594,422.552949509762,678.565897325829,588.603557589996,692.756925732037,373.238513772301,408.701650887793,362.353246222845,394.958214899768,385.627357816682,378.193670981796,715.538338218064,656.116073671659,471.351223949641,365.523133768361,376.943896956134,513.412975883465,377.098369194249,538.238240380443,361.885608338038,0,160.183884044256,227.149507105103,79.8683503414549,234.896611452097,365.756889280469,356.978857401772,117.25245089921,383.97331429268,393.139700992294,118.310350316698,395.971257651729,406.856528854346,117.029059502217,394.192443766207,397.530790547068,113.223442261246,373.550657979504,412.411417667907,397.155362400066,452.910947741379,382.271251560904,118.272500667296,403.551580105245,435.321692442925,432.356726279327,431.117483410497,424.490678514288,351.140012310056,427.779361353119,433.540322729259,421.063665514936,435.85196058762,452.470323779591,354.438692050465,355.253584586548,465.183249333302,425.479102221849,416.20252428367,428.299225922405,106.342835971121
"37",199.609816329782,191.42538435786,489.217837889683,185.89607823997,201.548854486248,214.157966163062,217.061549748992,189.350212684683,185.800852305783,183.994418753586,463.707114690681,213.44348659843,474.334611535778,426.724604500213,458.063973653257,422.80617207378,498.615703809546,750.021687647352,658.975983426902,760.826131755724,447.338655906852,483.072086391449,436.868116543244,469.039584259478,460.523704101889,452.363494924026,788.118730882457,724.852196955624,541.855684372064,438.611408311249,452.132666090753,587.282535664308,451.120155544086,611.741826332604,436.55559184034,160.183884044256,0,278.154034110445,166.989195107118,282.175585419666,440.374306716445,430.368696090065,202.314743471808,459.261096371688,468.178789911253,204.209936923099,471.911149026097,482.090315355285,202.678000627763,469.22978490625,473.388328238264,199.922343200742,447.825553280807,486.360194840255,471.997496659946,523.482451453219,457.368334904948,204.570344818043,477.056571314906,509.351079657562,506.363785441046,503.047663950236,497.157078317282,424.698379928538,500.633591148047,506.883528208513,493.134463118433,508.57795878914,525.332959745772,429.013072153262,429.798665779535,537.99636907333,497.770180161981,488.168974612884,500.54039827615,192.800932460326
"38",264.341384666335,256.213608029609,541.916008973955,251.548735394132,266.03396564972,277.663257444959,277.489557474743,254.499305428684,251.771250100383,248.818766273976,517.782239668053,279.346886785506,528.437879341887,480.397883260127,511.528192925074,477.08564838465,551.11379876263,801.815355499908,713.432069991321,817.224392629819,500.710676458124,535.530054929119,490.468588224505,521.870338398323,514.324862765649,507.223124643803,839.47560242188,779.816990694358,597.198389976206,492.204539526013,504.912770373914,639.886963229628,504.983588221643,664.559109516593,490.54872512481,227.149507105103,278.154034110445,0,234.51180603138,331.338782138952,493.984402465012,484.812230649858,268.628924958384,513.423212872644,523.392547466438,269.743236125047,526.437263685945,537.264152278761,266.187922959571,523.325404003808,528.112815741726,265.812580608152,500.628030122468,539.321069754341,524.594348400948,577.570130616573,511.802246386921,270.506073232593,533.821474437598,563.523335260334,560.228751916499,556.521569499627,551.062342134458,478.023939663313,552.716773105701,559.018641251239,547.515453864158,562.004959020815,570.724886215842,481.148330139051,482.910832281926,587.482865194297,551.798764858215,542.636494810419,554.853300578474,258.943056550298
"39",124.242331059423,115.640504728362,421.058479273224,111.070423923283,123.037002542271,138.985846278003,144.652033401415,114.036954416491,108.740824005186,114.199605243229,394.086072655542,135.98896680944,404.324499411823,358.7748999209,389.59765720981,354.288011182385,428.486567244194,684.425871614435,593.444151688628,697.618958960153,378.27354207996,414.095269248711,367.713662605802,400.90589542507,392.182402918983,384.108650822221,720.381941337629,661.336226580799,476.260455141191,370.884381898313,382.87486725258,517.593923004603,382.794699760917,543.151978072336,367.626354904121,79.8683503414549,166.989195107118,234.51180603138,0,242.024634170825,372.368382476498,362.99313330848,125.743028458336,389.649508424251,398.676106762917,126.573300463205,401.959003761671,412.660755302389,124.704182414967,399.969077215759,402.805623021367,122.350112053412,378.766268205903,417.516551853047,403.350550695195,457.291263907925,387.567635148774,125.975159787792,409.193839458456,441.44463068865,437.190889763772,435.996559861002,429.654306572169,356.181338853342,432.325226629314,438.704124085463,426.537366380491,440.9779790446,457.325673527498,360.386574165347,360.996158427839,471.063260860758,430.828781468122,421.245114328773,433.022582651728,113.615335889697
"40",272.009875431386,266.526636785315,555.3805309475,260.056940116462,274.242779940696,287.865101259956,287.335371119578,263.961278057093,260.457261743377,257.771585380374,532.115159661213,287.472488028636,543.118263778291,494.249982594574,525.426199613823,491.361782388845,566.146835664684,815.311653006471,726.69869172869,828.301878572329,514.403258355903,548.713316090258,502.805027566663,536.81871955381,527.476318278462,520.221554174,849.211059527189,793.299274981691,611.236729618597,506.483684677257,517.242763253838,651.354832620379,517.6364748987,678.709209930408,502.743838915827,234.896611452097,282.175585419666,331.338782138952,242.024634170825,0,506.358040128513,498.454233489494,277.395124448822,526.766022799874,536.307383650265,278.627713644116,540.375926577049,550.618690884761,274.933860776777,537.132984951976,541.267054250182,273.952402596672,514.768603559966,553.835456022466,538.779118646716,590.396162674207,523.252932198845,278.948352295013,547.743972683483,575.587338466732,572.755295596174,568.034257097555,564.113493567618,492.675581247272,566.862642562611,572.31627936498,560.7624409002,576.066855615883,589.892656576878,495.857715407679,496.815762778301,599.359583553754,564.667685919266,554.131809866417,566.921615420826,267.568673891026
"41",384.274014039007,389.637367104852,424.889580239816,371.035862575318,372.008732470143,387.202697974989,388.634852883896,372.030518472224,365.66520824164,376.750485764391,477.611723445663,378.922594269605,488.428097658217,172.454856687849,227.379869220344,205.934401428057,512.346703371157,689.782972421385,597.82546816623,704.237444512552,228.543972089519,292.652454751248,215.529077439938,202.604963239834,194.088387204564,189.330130511415,555.208689958052,490.344793275634,291.13277243436,163.20426930597,187.700154549,384.78504985219,236.008666332797,411.04837094537,221.645874450901,365.756889280469,440.374306716445,493.984402465012,372.368382476498,506.358040128513,0,175.316262607071,378.317351648028,474.081774642923,482.520661405826,381.249751836871,486.038343275401,495.965332081011,376.915441863945,484.614634200741,486.316160260856,376.868619306159,223.125159976341,252.985855533401,240.176584931762,460.939607288138,471.784959443283,375.135803623792,492.113970886253,283.346262685487,279.119735594892,441.004415080086,434.250316291042,192.143728763497,436.648817010335,443.650920094739,430.679207657393,445.416393666919,461.26211324625,193.177645722805,192.361701343015,474.395877668856,434.48270762083,425.243066707817,438.152220037895,369.020919074511
"42",375.421085618034,380.913876747816,416.429208964485,360.836954167577,363.424035419775,377.909619832689,380.049715859702,364.524715418762,356.38854171995,366.919451689085,468.7068214208,369.086794274206,479.631424199062,174.264485078512,207.892984257012,189.850448630569,502.904583067285,683.24300866379,589.622149973386,695.428190076599,211.738413635777,277.429534685623,199.634083859273,221.926157507458,212.847662234734,206.409985061171,563.056264673206,495.03147947935,293.62575248593,182.889340557815,203.337698963495,369.051977284976,219.942582373291,398.192011773397,204.78951993261,356.978857401772,430.368696090065,484.812230649858,362.99313330848,498.454233489494,175.316262607071,0,368.979815126123,465.688127778824,473.956931355107,370.973656880334,477.187374588682,486.965669576765,367.499938988862,475.124482234505,475.915720150338,367.946816878923,203.148590558746,231.687150089792,219.201724295818,451.732930852785,462.317038707541,365.407850262953,483.670375438206,261.621247878625,255.432611867906,431.9576184998,426.245590391801,176.485934875763,428.230951504016,435.667188408799,422.516846250745,436.94783794539,453.448622784014,176.827040588064,174.069991112416,465.551990972908,425.992752115567,415.964758987937,429.877167861314,359.518282884794
"43",136.2861163517,130.738180049785,426.504116709578,104.062741728637,93.6576385790833,136.410242956046,147.004948789074,107.483216780354,85.9407753229574,119.273280884408,397.127784036042,110.530699180472,407.425495406373,365.386413873836,395.687190673882,361.31487189635,430.778695275973,688.573037204489,598.142919666602,703.051840370994,385.325951496433,419.611309724779,374.293115976199,408.227524897509,399.884823925928,391.463813869516,726.929001005619,667.922282618179,482.986990077334,375.779668424816,389.766838250108,523.877388953391,388.54443975707,550.440261790274,373.555751305522,117.25245089921,202.314743471808,268.628924958384,125.743028458336,277.395124448822,378.317351648028,368.979815126123,0,391.237464740939,401.146458244787,104.905041887809,404.799585119941,415.426845841191,99.232890837675,401.71173516111,405.354407198146,97.2630601569368,384.084353731767,422.438304353318,409.314737620342,462.75352049316,390.658238195785,98.0598598485745,412.121472908076,446.075134293711,444.285957784967,441.624050178628,435.238229140481,362.76070651582,437.85011513944,443.597746813247,432.097479132783,446.439297442615,463.160767527847,366.619392381523,367.313512726547,475.9634514941,436.609891579861,426.204846061337,438.363298025968,87.0088498930981
"44",401.389340942004,406.940893814824,416.453110604596,385.635416888261,386.770047184232,402.111250336742,401.411425176488,389.676644638001,381.629365657083,391.548622318273,95.041488317001,393.783101792093,98.6902059786727,461.114084337949,490.756981975967,453.807149012295,126.735506284792,686.246274681352,595.603537351235,699.323493942363,478.121198655311,505.809726243126,466.849398139356,503.86325806663,494.327414223507,486.075730988252,811.305361112205,754.448608848519,574.766122299702,471.960545751674,484.905538476185,611.411059094471,482.783823199247,638.077738188791,467.360068555912,383.97331429268,459.261096371688,513.423212872644,389.649508424251,526.766022799874,474.081774642923,465.688127778824,391.237464740939,0,116.256676005419,397.354065672842,107.770456003226,113.426354844273,392.877061440529,108.053191831684,111.844828735214,392.695611556086,480.193762202304,519.080396574886,502.949216420135,453.27652915443,87.6776940102389,389.37528759702,126.381841428437,539.709686932832,538.101087895966,431.013763182356,427.596706474229,457.787417267334,430.474095555538,436.343269844522,423.231654956724,439.3215811056,454.739342228526,461.865854539903,463.688805886921,466.878775875976,428.25566035007,418.145775456479,431.059963748014,384.902933570506
"45",410.101181979,416.29985742549,424.183488541575,394.240436496522,395.278855473171,410.66653475775,410.426214988733,398.428025764094,389.693202845725,400.517231267523,111.272205837134,402.545069368649,134.73825072893,469.579473054031,498.994181743908,462.939214426977,138.315967448654,692.552376520202,602.710251106244,704.038319553588,486.700872875727,514.894221763082,476.578026764992,511.616308080332,501.981312008161,494.555587506669,822.307456490911,761.892091911088,582.77858726876,479.206917682251,492.503904547706,621.242973204628,490.966629702126,647.417842900408,476.347648529235,393.139700992294,468.178789911253,523.392547466438,398.676106762917,536.307383650265,482.520661405826,473.956931355107,401.146458244787,116.256676005419,0,405.331491204073,122.6795883284,131.513274146427,402.387803829978,119.564653241048,102.601555377117,402.132417135464,489.204058284558,528.191594964037,512.167503592808,461.12760492208,111.491115352825,398.318140172538,107.081005091336,547.216482650464,546.81015423842,440.904763931696,435.521326886145,466.43513161423,438.284867409353,443.872475067807,430.274742774284,446.758333814817,462.281443878757,470.324813963755,472.684534349922,475.912857848148,435.430536593123,426.344991228998,438.536764701124,393.75804231746
"46",139.459961110042,131.874208712021,430.411473843238,99.8854302512333,95.8800912878317,136.654282389973,141.575762886535,110.389370330402,88.3445433542603,115.083152407319,401.498007466514,98.0303736782236,412.005302301057,367.380475483049,397.046990004663,362.372598626847,435.387491032997,693.510191793618,602.203200366374,704.99662069393,386.953752303653,422.981780545841,376.182132032561,409.538998106508,402.150587795872,393.311371794252,730.6522227085,669.237005674985,484.847689570054,380.254611507409,392.015324826753,526.928363729156,390.546129474726,552.189776617651,375.54292001604,118.310350316698,204.209936923099,269.743236125047,126.573300463205,278.627713644116,381.249751836871,370.973656880334,104.905041887809,397.354065672842,405.331491204073,0,409.242718973843,419.72069990337,87.6193994296361,406.970572129715,410.196270742823,83.0716723417258,386.804523310842,425.436299557407,411.597364788846,466.252525336455,394.634753915929,94.403742003954,416.644637797461,448.745005315339,446.803606356447,445.080023963791,438.693116456659,364.813054824917,441.499731548082,446.947770464897,435.598771137455,449.683875797904,466.224991529654,368.477383720588,369.22870654425,479.356199669057,439.895925892997,429.774852442829,442.058314388365,78.8825777983766
"47",413.417460338232,419.478767455822,427.993015445879,397.822433662298,399.317084184787,413.991662194634,413.58168761355,401.993485923619,393.829193558952,403.125140904918,100.822713665932,406.240169179236,123.93131864177,473.195456656391,502.226716898028,466.47463001779,138.357784520515,695.912239824543,603.409203961781,709.493208988429,489.92029795325,518.096453377608,479.863596135143,514.884296531086,505.613211938498,498.197452021594,824.310130479974,766.650776354559,586.986545688536,482.751497400729,496.360431047547,623.413194343982,494.19814444759,649.033449230526,479.257160989091,395.971257651729,471.911149026097,526.437263685945,401.959003761671,540.375926577049,486.038343275401,477.187374588682,404.799585119941,107.770456003226,122.6795883284,409.242718973843,0,132.673008195184,405.121310718904,117.951156554382,117.657311666042,405.082784271909,492.424206264411,531.377775856388,515.490536055555,465.016732201857,107.959353128525,401.770376980614,131.393143294207,551.399012559167,549.485305190134,445.031562571499,439.277636014593,469.71770325157,442.141092155021,447.830794372138,434.274324910901,451.082119372211,466.01030001741,473.582752175646,475.631411694284,479.664543148481,439.467465074605,429.738226031458,442.629139445841,397.31180055254
"48",423.912084876051,430.570503792404,438.299469786479,408.396188111948,409.609657529746,425.01672842388,424.858648435194,412.343615439016,404.256530415226,414.291921097467,122.045236976322,415.923979620501,131.652568652317,483.370943371934,511.695760341085,475.661206486249,145.521520834055,707.49223110459,615.230603070762,718.875735469331,500.160007473384,527.751211097101,490.098894117399,525.570376581797,515.163877350246,506.917658301532,834.396031090708,774.547227412933,596.458937939506,493.405732508507,507.238837808705,632.664999916973,504.777501300853,659.805603289922,489.718400310853,406.856528854346,482.090315355285,537.264152278761,412.660755302389,550.618690884761,495.965332081011,486.965669576765,415.426845841191,113.426354844273,131.513274146427,419.72069990337,132.673008195184,0,415.496423409623,125.111497852457,127.0043988285,415.534502778861,502.304035076146,540.91115682231,525.125153317756,474.357305941469,104.044366949276,412.410958020073,142.367763132114,561.350056618352,558.988343305147,454.904217881185,449.434297969105,479.433061239971,452.227828656062,458.162445279133,445.314038575166,460.888931167877,476.35698750541,483.349666773135,484.798772100462,490.562598152622,449.790281020378,439.596226558,452.344781843567,407.520429926816
"49",139.263731187594,132.450908510936,426.019296853228,92.2288914301397,93.8095773720503,138.040696264612,145.434615052454,111.680406160926,79.3759910344869,116.627217875475,397.134267966073,96.1347495967616,408.235261104689,364.098652494726,393.830165332207,359.639444777013,431.132788776806,688.718619124186,598.778221796317,701.377221894162,383.32409449714,418.027648992164,372.123704360161,405.731073116997,397.669467163254,389.304358746275,725.648979427235,666.703296466688,481.955050305265,375.953585256189,388.030414929525,521.249287247293,385.96989452574,549.07821485426,371.833618613634,117.029059502217,202.678000627763,266.187922959571,124.704182414967,274.933860776777,376.915441863945,367.499938988862,99.232890837675,392.877061440529,402.387803829978,87.6193994296361,405.121310718904,415.496423409623,0,403.087566822877,405.30669760876,81.9809364739454,382.537757622747,422.550766631546,407.694474149848,462.631005602218,390.191756849968,91.9947027568509,412.909050229693,445.717244362571,442.556742246182,440.603216187488,434.176799057131,361.186987891153,437.30178768639,443.002935921442,431.228692832076,445.657586726909,462.202978183224,364.795134391371,365.600872344505,475.316880587478,435.739984757269,424.578233988549,436.913428097433,76.3639665274372
"50",412.021674331029,416.575277463998,427.515539958317,395.662950142559,397.408835029123,412.482484892676,411.96932749866,399.843889194784,391.421943536263,401.52404181458,109.324926093315,403.344363839461,125.977059498158,470.463840142374,500.579794231637,464.935279365413,141.228817273179,697.206844679548,606.252656656081,710.856123812486,488.422198493463,515.719394780202,478.464444837789,513.165267875499,504.064307224285,496.561458974769,821.809704553159,762.454844901713,584.461618832499,479.993329231704,494.005920320185,622.750674544982,492.512509315066,646.666459001099,477.273594881248,394.192443766207,469.22978490625,523.325404003808,399.969077215759,537.132984951976,484.614634200741,475.124482234505,401.71173516111,108.053191831684,119.564653241048,406.970572129715,117.951156554382,125.111497852457,403.087566822877,0,116.457251169213,403.230157737776,491.031982768791,529.430041375389,513.614896392202,464.190156179549,98.5098225008523,399.373879981461,131.768546671027,549.167338046217,548.05717328436,444.18902673266,438.862694932003,467.980406899584,440.640564764034,447.206115745331,434.553455791885,450.321803523156,464.856381517309,471.520717158817,473.716633272162,479.199563532312,438.798214635944,429.247590117592,441.964943838138,394.633887034279
"51",414.948031098999,420.680180224863,429.717173610584,398.516375719206,399.928943972693,415.355688380786,415.473727378889,403.255144123773,394.628783747668,404.946210653349,104.312559327086,406.756382817926,129.66454022243,473.471325567554,502.224982454247,466.334559507996,132.14668443672,697.622656038178,608.341446618517,711.996419532526,490.495085292619,518.062465961739,480.010496602694,515.163215765001,506.278073684721,497.394670447922,823.278657878218,767.182644758715,586.772170458789,483.640778685563,496.597533156602,620.548945777927,494.035853535921,649.767802354781,479.077639317216,397.530790547068,473.388328238264,528.112815741726,402.805623021367,541.267054250182,486.316160260856,475.915720150338,405.354407198146,111.844828735214,102.601555377117,410.196270742823,117.657311666042,127.0043988285,405.30669760876,116.457251169213,0,405.813615709912,492.646753517796,528.361023273443,514.803477802784,466.685523741263,105.038794798968,401.889180654762,112.873747161753,551.787727208756,549.89572607685,446.38025956198,440.851963417748,469.800933224174,443.139608554134,448.835422596874,435.725243843948,451.440916117435,467.504430702791,473.9824973086,475.428252431582,480.749090790797,441.196672409606,430.790494779335,443.698487592264,397.316431528899
"52",135.421033239291,129.776869959755,426.466681848603,87.4243073019667,90.7917377064457,134.766864935005,142.163496398061,105.915266079113,78.6477435769639,112.826701777797,397.042185352771,96.8923569692495,407.567220900728,364.09278055459,393.27026982738,359.416482184593,430.437345721748,688.810769290014,598.597061070546,702.508175426757,382.517326381934,419.312300419241,372.11562080566,406.805200609134,397.022598639979,389.697622474895,725.607661325217,667.081648155723,479.931694813792,376.731882767754,388.03130174251,522.945200886062,386.943867828199,546.701443862457,372.10312828138,113.223442261246,199.922343200742,265.812580608152,122.350112053412,273.952402596672,376.868619306159,367.946816878923,97.2630601569368,392.695611556086,402.132417135464,83.0716723417258,405.082784271909,415.534502778861,81.9809364739454,403.230157737776,405.813615709912,0,383.205611231255,422.602201206373,407.572581964305,461.975465554157,390.492892641931,84.7043681304933,412.383424706758,444.995841196005,442.691701151542,440.8721120636,434.389429978734,361.075594857513,436.919162671051,443.8372362639,431.445652918756,446.304640594203,463.088589852128,364.273142715632,365.580036718578,475.284016040446,436.013594748722,426.230459939367,437.973277707111,66.3813251535523
"53",391.663768205452,396.949177855868,429.465410074909,375.979932633564,379.11590424981,394.510557727032,394.692167328319,380.106255888318,372.11009215392,382.488938690627,483.980842412277,384.874916204579,494.654255109999,191.940505664459,160.0360618759,185.169288439983,518.26782190594,696.987597123859,604.460485933732,710.341062052876,208.240083419389,276.184565970469,193.536414211713,270.033789489708,260.444859672925,254.070691599461,603.740359542698,539.119858974028,340.458166513125,220.072202882076,252.507665747073,367.677841315655,217.017970973158,395.337985386903,200.022294925319,373.550657979504,447.825553280807,500.628030122468,378.766268205903,514.768603559966,223.125159976341,203.148590558746,384.084353731767,480.193762202304,489.204058284558,386.804523310842,492.424206264411,502.304035076146,382.537757622747,491.031982768791,492.646753517796,383.205611231255,0,203.723957825055,193.236694879826,466.401105709994,477.468239275961,381.668892433191,499.333517464585,230.225949230223,224.73494994076,445.616481893227,439.086456990779,159.197231645325,441.291896301012,447.841441259202,435.486292432533,449.648305687031,465.96675216135,161.210191885478,169.063307665579,479.02135200685,439.134465985215,429.246712362711,443.315302600479,374.357809045066
"54",429.87669697589,434.98450236743,467.161990763373,415.001207154754,418.175906667065,433.133344111199,434.797426325046,418.826793120434,411.374156931161,421.493089536727,522.774364307638,424.08487858926,531.897768363068,220.253046709401,206.899133243128,220.140461104167,557.371690725916,730.507436571148,641.954324791327,744.925704967625,243.592053176706,313.03589116045,228.506850919453,299.925026391994,290.324975470885,284.283410040518,635.762006935724,570.249391729811,371.534662136764,250.766899881186,282.846199072697,403.069229970349,252.236397339735,430.902950225323,235.856621602521,412.411417667907,486.360194840255,539.321069754341,417.516551853047,553.835456022466,252.985855533401,231.687150089792,422.438304353318,519.080396574886,528.191594964037,425.436299557407,531.377775856388,540.91115682231,422.550766631546,529.430041375389,528.361023273443,422.602201206373,203.723957825055,0,216.312833879275,503.161583747507,516.256252449764,420.224917359072,537.215417879534,271.051001195757,262.743930818569,482.593643443368,476.335853348371,195.922683223164,478.888502955933,485.655104043865,472.481070237149,487.376548389235,503.644676341588,196.021693410533,200.037690068502,516.628944284166,476.956792383529,466.638003486494,480.295535814466,414.117082919505
"55",414.953224368079,420.773092185369,454.584591572206,401.119773510391,402.611083056478,419.042262180412,419.111312451426,404.473620766726,396.638036409414,406.750628615009,506.772888767695,409.126128694643,517.580698870881,206.612735635126,196.153964698846,209.055659567809,541.296433443217,721.557773607401,627.001402158229,731.552847502784,228.521230606345,299.961883502031,215.653105494179,287.074824014112,277.556741162546,271.593287267963,624.613275858159,557.459844488501,359.218346074253,239.523793320984,269.865082672192,386.888954308917,239.787745878772,419.159126207293,221.087222106973,397.155362400066,471.997496659946,524.594348400948,403.350550695195,538.779118646716,240.176584931762,219.201724295818,409.314737620342,502.949216420135,512.167503592808,411.597364788846,515.490536055555,525.125153317756,407.694474149848,513.614896392202,514.803477802784,407.572581964305,193.236694879826,216.312833879275,0,490.428905081577,500.344999675754,405.651216179528,518.386021707608,254.28770090814,246.406545197536,469.542847358187,463.252997177783,183.844287667604,465.825182999028,472.463635964529,459.605841842221,474.419720339673,491.001037052265,181.024954611695,188.687251875181,503.380864271778,463.773920566574,452.873048169765,467.510331769415,398.597969570322
"56",469.921051131171,476.12330988584,147.501487572298,455.882445552144,457.695479193003,469.836872315806,470.673648832566,458.476141752075,451.478533069019,461.507523091797,456.965956429864,462.971058424228,467.954439584253,448.024935204105,476.351897129195,440.577704300929,492.046493630482,473.663353293033,378.266349030191,490.253735999033,462.769503134744,484.262590606022,452.682245481227,490.649783646023,481.405652991179,474.67949405298,800.574662703506,742.570243722384,563.908086477595,454.803521375891,472.262069483155,601.335244698254,467.338883527408,623.323509577748,453.287243107538,452.910947741379,523.482451453219,577.570130616573,457.291263907925,590.396162674207,460.939607288138,451.732930852785,462.75352049316,453.27652915443,461.12760492208,466.252525336455,465.016732201857,474.357305941469,462.631005602218,464.190156179549,466.685523741263,461.975465554157,466.401105709994,503.161583747507,490.428905081577,0,450.485967761209,460.198723392242,473.328055395985,525.86264477352,524.45866742221,163.252668847245,153.012121211714,444.701466067468,155.182136335239,164.741928741767,156.337196184337,171.008708011535,184.977941156269,447.473761722147,450.218471181038,205.059347723055,163.513685253032,138.968476609488,161.773346857442,455.053479571298
"57",399.438137808538,405.424772539065,413.454139348852,383.401567766927,384.530948886272,400.124018000355,400.640799972726,388.325705076993,378.7238688616,389.093366160358,99.1063777026022,390.932935616331,101.940668734263,458.376449370505,487.593177478642,450.398677065336,123.444907877574,683.464221756958,591.803099179964,697.295411008501,473.643823527744,502.414159849963,464.679639601368,500.723514350669,491.522003602013,483.095162327669,810.483608000482,751.178823559329,571.344671674228,468.817737744244,481.680760962081,607.419425748226,479.37244068538,634.237160387553,463.802421628786,382.271251560904,457.368334904948,511.802246386921,387.567635148774,523.252932198845,471.784959443283,462.317038707541,390.658238195785,87.6776940102389,111.491115352825,394.634753915929,107.959353128525,104.044366949276,390.191756849968,98.5098225008523,105.038794798968,390.492892641931,477.468239275961,516.256252449764,500.344999675754,450.485967761209,0,387.330308168938,122.363653826391,535.669832052122,534.554924984914,430.956259145341,424.772537562066,453.942502505523,427.002100462654,432.836646765002,420.819455670744,436.851686657932,451.706209167767,457.84233283333,460.062868746634,465.492196775775,425.537123337262,415.238418634108,427.80156309568,382.237519639622
"58",138.021948325113,134.991782402255,423.405747832207,99.2323044827797,93.5461158248217,132.652742578397,145.903624036092,111.484514301391,80.1882391947551,116.254654044098,393.702236510382,101.755263501577,404.405917198643,361.215910204909,392.26714088425,357.524469313093,428.118074467169,686.424694935864,595.74312068465,699.858843672504,381.01775488939,416.435423401998,370.724160550786,404.856101520436,396.5001743804,387.713827901846,724.313960987707,664.553611652774,480.184303419958,374.67692098377,386.470913486808,520.626034790294,384.750328943874,546.90034965668,370.205894771397,118.272500667296,204.570344818043,270.506073232593,125.975159787792,278.948352295013,375.135803623792,365.407850262953,98.0598598485745,389.37528759702,398.318140172538,94.403742003954,401.770376980614,412.410958020073,91.9947027568509,399.373879981461,401.889180654762,84.7043681304933,381.668892433191,420.224917359072,405.651216179528,460.198723392242,387.330308168938,0,408.826755659075,443.494102970019,441.25848953423,438.774881282564,432.154821719831,358.978195570204,434.656394207165,440.979746973863,428.057549541772,443.723068930382,459.969779388796,363.098720565367,364.04184904843,472.950227188706,432.975845814579,423.241679694252,435.302390284244,77.3705734865887
"59",420.850643836184,427.032590047368,435.72343209356,405.405327757678,406.11710263588,421.632963335549,420.883036562711,409.374155486157,400.16434204161,411.147929471307,118.71040925348,413.736310036958,144.240204330566,480.135654261973,508.995513695501,473.19098837774,147.263247187422,704.651501073338,614.501998418088,719.227938564651,497.192115702272,525.595054262866,486.987523550149,521.528664918307,513.028801462252,504.150418926209,832.10663884429,773.330342142555,593.628810193322,490.213098460769,503.557613147198,630.68585246065,501.415642163508,654.807072785647,486.302685251067,403.551580105245,477.056571314906,533.821474437598,409.193839458456,547.743972683483,492.113970886253,483.670375438206,412.121472908076,126.381841428437,107.081005091336,416.644637797461,131.393143294207,142.367763132114,412.909050229693,131.768546671027,112.873747161753,412.383424706758,499.333517464585,537.215417879534,518.386021707608,473.328055395985,122.363653826391,408.826755659075,0,558.674740073088,556.202330308428,452.85592986733,447.079787072557,476.488720278302,450.296655979828,455.609223673604,442.471271255443,459.01731832478,472.883653929104,480.277474629688,482.092612496268,487.947139949685,447.514693915782,437.722573925586,450.143193154048,404.40249304959
"60",453.108202490814,458.139742444427,490.44040183919,438.121597922861,441.192121866737,456.320780671191,456.413805931824,442.333843456887,434.361859360048,444.213955104668,542.739957640061,446.651749522462,554.494338126087,254.936142510584,232.291627494704,249.157905361527,575.616322207952,757.28936648266,664.026596725889,767.154590906226,270.695684919204,339.152154633158,256.375747538255,330.775683867776,321.130180068228,314.459009707662,663.911927141705,600.640540385553,400.180596944841,281.197606718621,312.935968165072,429.453839898319,278.764533554736,456.820976672821,262.57733015094,435.321692442925,509.351079657562,563.523335260334,441.44463068865,575.587338466732,283.346262685487,261.621247878625,446.075134293711,539.709686932832,547.216482650464,448.745005315339,551.399012559167,561.350056618352,445.717244362571,549.167338046217,551.787727208756,444.995841196005,230.225949230223,271.051001195757,254.28770090814,525.86264477352,535.669832052122,443.494102970019,558.674740073088,0,277.160430397114,505.220332596067,500.183901230879,226.079031058796,501.716448722309,508.597026416451,495.809466107275,509.183454005322,526.756314079765,221.823440144371,231.661974989063,538.930117924059,499.337875576337,489.862212318121,503.370291918086,437.017990272914
"61",450.952029476507,455.347834276789,488.688536572333,435.25164914552,438.666511175799,452.841957433625,454.250173761094,439.450399290559,431.508502221183,441.821766354034,541.083454491101,444.056605543575,552.562117485653,250.181296912184,227.373268356542,245.512426743674,575.185070992323,752.544274490101,661.548958547206,768.441309970915,266.708807452163,334.917757590522,252.550397643835,326.692735696023,317.543274888299,311.358731199019,661.640575560465,596.181834321944,396.895438146695,277.256805995219,309.22198589164,425.767415215408,275.255781361738,454.556046156062,259.032593213047,432.356726279327,506.363785441046,560.228751916499,437.190889763772,572.755295596174,279.119735594892,255.432611867906,444.285957784967,538.101087895966,546.81015423842,446.803606356447,549.485305190134,558.988343305147,442.556742246182,548.05717328436,549.89572607685,442.691701151542,224.73494994076,262.743930818569,246.406545197536,524.45866742221,534.554924984914,441.25848953423,556.202330308428,277.160430397114,0,504.05758086348,498.199590619907,220.624286241774,500.755337028679,507.780763155494,494.447130136082,506.779581903383,525.052356199321,216.207090276606,227.510194707442,537.923811674843,498.345130753773,488.258541226949,501.73869204536,434.132090340565
"62",449.303686119003,453.34520568513,102.395690056047,433.696066670846,436.303530776595,449.215076875414,451.398930030317,436.760998219261,429.760293139689,439.994790657304,436.320537357878,441.614541448158,447.461635145012,427.769697520218,454.952097351448,419.613617760072,471.179163837552,444.611421458686,350.669841354671,463.13404048099,442.463332282231,467.060413500016,430.469043557716,469.196789949095,459.619614763582,452.6868830252,783.436251968142,723.487260576139,543.659637227134,435.082319249791,450.536483028658,581.115752571138,446.014553552419,605.643904020178,432.381819857501,431.117483410497,503.047663950236,556.521569499627,435.996559861002,568.034257097555,441.004415080086,431.9576184998,441.624050178628,431.013763182356,440.904763931696,445.080023963791,445.031562571499,454.904217881185,440.603216187488,444.18902673266,446.38025956198,440.8721120636,445.616481893227,482.593643443368,469.542847358187,163.252668847245,430.956259145341,438.774881282564,452.85592986733,505.220332596067,504.05758086348,0,91.3192734606071,423.513021463793,104.273537653879,102.910340958292,95.2002586103215,138.733076755378,154.594055523699,425.54655917482,427.326941788657,171.815467684172,129.486618757421,90.4570078625962,108.138475687079,433.236516961992
"63",442.460685188636,446.478459502811,89.7860227764405,427.740360344085,429.589497220262,442.888504371572,445.295865412255,430.768676504341,423.575877236986,433.412841089753,430.75265495916,435.358309298476,441.710733562418,421.190958364366,449.307947374091,413.431854765569,465.035916501243,437.069181971573,343.275994854317,455.409660805487,436.925736640772,460.207490276846,425.476617308305,462.986026903329,454.053218299182,447.085251097276,778.006980259979,717.059235371143,537.767011321662,429.382596628226,444.006668058652,575.656390485511,440.30791398819,598.877777498735,426.33386251582,424.490678514288,497.157078317282,551.062342134458,429.654306572169,564.113493567618,434.250316291042,426.245590391801,435.238229140481,427.596706474229,435.521326886145,438.693116456659,439.277636014593,449.434297969105,434.176799057131,438.862694932003,440.851963417748,434.389429978734,439.086456990779,476.335853348371,463.252997177783,153.012121211714,424.772537562066,432.154821719831,447.079787072557,500.183901230879,498.199590619907,91.3192734606071,0,417.121445876868,94.4397293681532,100.867139204384,93.3503832770555,123.359688870772,141.378607920566,419.617744842649,422.143035342601,160.834733634293,116.242847457231,87.364106840336,98.9057121616444,427.02309200318
"64",369.739127817206,374.673351481427,408.188759689162,353.823991579302,357.099192259811,371.874731609487,374.835474039304,358.193698007374,350.091975929759,361.174757055498,461.298295629088,362.854724499595,472.011668965382,172.849413941388,167.71004240646,136.528553519223,495.392564185697,673.723779257129,582.498919989034,688.36833920089,156.13509958229,227.924071135486,143.049101376531,242.236564292839,231.97687271152,225.846833289277,574.526622681305,509.03155877266,309.599262910927,188.76663967508,225.000718846102,322.554448891715,166.207760972128,351.091486055328,151.012147811689,351.140012310056,424.698379928538,478.023939663313,356.181338853342,492.675581247272,192.143728763497,176.485934875763,362.76070651582,457.787417267334,466.43513161423,364.813054824917,469.71770325157,479.433061239971,361.186987891153,467.980406899584,469.800933224174,361.075594857513,159.197231645325,195.922683223164,183.844287667604,444.701466067468,453.942502505523,358.978195570204,476.488720278302,226.079031058796,220.624286241774,423.513021463793,417.121445876868,0,419.304482936342,427.087816967883,412.72326173831,427.49726721749,444.354434454482,121.128699306893,115.96935672966,456.758557755737,416.906696506816,407.385718972554,421.056366673559,353.084005425692
"65",445.690463026898,450.992887383082,97.7174418629765,430.639293707807,432.603378710318,445.204743648652,447.465915970297,433.95602045539,425.918874623355,436.475185405503,434.010897250679,438.285700098456,445.411915745321,423.643398229368,451.16671154273,416.027359134391,468.825528162726,438.457163951958,344.822135391734,456.675343707463,439.252735034844,461.922495910885,428.08331639862,465.691547486481,456.715832539314,449.656350793294,779.400976547796,715.735195430212,539.268127742365,431.712626386603,446.843367844255,577.525374778771,443.021412298994,600.091901290047,428.772566458508,427.779361353119,500.633591148047,552.716773105701,432.325226629314,566.862642562611,436.648817010335,428.230951504016,437.85011513944,430.474095555538,438.284867409353,441.499731548082,442.141092155021,452.227828656062,437.30178768639,440.640564764034,443.139608554134,436.919162671051,441.291896301012,478.888502955933,465.825182999028,155.182136335239,427.002100462654,434.656394207165,450.296655979828,501.716448722309,500.755337028679,104.273537653879,94.4397293681532,419.304482936342,0,107.211483036704,101.229160764376,130.288784881208,144.257694589274,421.637864867586,424.942026851641,164.224664353254,119.045558051366,87.0579080545262,93.469747989597,428.870947230215
"66",451.669703874895,456.819445727548,100.606502392842,436.570834790469,438.498164365045,451.626584622739,453.161078394661,438.299463513629,432.364839140234,442.73674340059,439.580991033483,444.46150154463,450.540177253116,431.298681611653,458.095459920431,422.92375634439,472.765563490437,446.902009646493,351.824949313481,464.397109397358,446.177095170273,468.574339889791,433.993956825813,472.401640791822,463.228243398238,455.937098485719,786.013382025506,727.540968042507,545.616695387602,438.87176901303,453.270213517261,583.959510164023,449.791999801001,608.205340617034,435.65633732353,433.540322729259,506.883528208513,559.018641251239,438.704124085463,572.31627936498,443.650920094739,435.667188408799,443.597746813247,436.343269844522,443.872475067807,446.947770464897,447.830794372138,458.162445279133,443.002935921442,447.206115745331,448.835422596874,443.8372362639,447.841441259202,485.655104043865,472.463635964529,164.741928741767,432.836646765002,440.979746973863,455.609223673604,508.597026416451,507.780763155494,102.910340958292,100.867139204384,427.087816967883,107.211483036704,0,103.492125212001,142.550879961613,155.505480420317,429.366305697168,431.716398758767,178.988173560404,133.474262604072,90.0351407827585,111.120107546429,435.680072521246
"67",439.41906336492,444.667639133519,98.0599229773296,424.437218482364,426.807037342277,439.16738981612,440.927730490555,428.14266404313,420.063485733843,430.657167177867,426.841843439412,432.174215606797,437.562084398229,418.17986793815,445.350694676911,410.147230162797,461.054512195268,435.369269663144,340.044046127681,451.612123474017,433.253805420595,455.380741668265,421.942077196553,459.112631679851,450.28040924089,443.288944097209,773.148512997382,712.684927182561,532.763501447973,425.638487072915,441.304142010274,571.186677012187,436.305756735524,592.737974420736,423.016240136489,421.063665514936,493.134463118433,547.515453864158,426.537366380491,560.7624409002,430.679207657393,422.516846250745,432.097479132783,423.231654956724,430.274742774284,435.598771137455,434.274324910901,445.314038575166,431.228692832076,434.553455791885,435.725243843948,431.445652918756,435.486292432533,472.481070237149,459.605841842221,156.337196184337,420.819455670744,428.057549541772,442.471271255443,495.809466107275,494.447130136082,95.2002586103215,93.3503832770555,412.72326173831,101.229160764376,103.492125212001,0,130.268289873844,147.912593978141,416.181321110862,418.614810610832,167.110952474262,123.225464258904,86.8698830959922,103.053095615646,423.895491014271
"68",453.721902738245,459.456235957127,122.776449782667,438.719629835759,440.915628289742,453.531749384987,455.776072399843,441.754489748931,434.901514350729,444.841388071955,442.806721743274,446.651034667107,453.84457108648,432.275622496873,459.629810468994,424.266893490043,476.679277545239,449.865801775111,356.228251744793,469.180656316944,447.264452858027,471.327641905449,436.334474561296,474.61469207676,465.185762731964,458.061785459528,788.039979006265,727.605744541541,547.775581431369,441.205168229513,456.135545783723,582.726146766691,451.510863583243,609.455957370926,436.782636306758,435.85196058762,508.57795878914,562.004959020815,440.9779790446,576.066855615883,445.416393666919,436.94783794539,446.439297442615,439.3215811056,446.758333814817,449.683875797904,451.082119372211,460.888931167877,445.657586726909,450.321803523156,451.440916117435,446.304640594203,449.648305687031,487.376548389235,474.419720339673,171.008708011535,436.851686657932,443.723068930382,459.01731832478,509.183454005322,506.779581903383,138.733076755378,123.359688870772,427.49726721749,130.288784881208,142.550879961613,130.268289873844,0,127.991347444234,430.455054765902,433.12107193154,139.726922480586,106.998853231951,118.430966330238,135.506162027013,437.573152786169
"69",469.959666810501,475.505157760621,136.862616310001,455.49559527932,457.401599106926,470.299095343955,471.880024992947,458.323048971512,451.161085252816,461.384819993545,457.846882358618,463.349137230116,469.092827192701,448.523271179959,476.577192176678,440.297837490954,491.010873361612,467.986179591677,373.715781168001,486.711439250708,464.580629007959,487.530784965303,452.39843096798,490.567438828478,480.879897723653,475.100964529846,804.872819150969,745.043040626612,564.928470695497,457.134851195087,470.716407960783,602.017704347836,468.442256259887,626.119552995388,453.336154924285,452.470323779591,525.332959745772,570.724886215842,457.325673527498,589.892656576878,461.26211324625,453.448622784014,463.160767527847,454.739342228526,462.281443878757,466.224991529654,466.01030001741,476.35698750541,462.202978183224,464.856381517309,467.504430702791,463.088589852128,465.96675216135,503.644676341588,491.001037052265,184.977941156269,451.706209167767,459.969779388796,472.883653929104,526.756314079765,525.052356199321,154.594055523699,141.378607920566,444.354434454482,144.257694589274,155.505480420317,147.912593978141,127.991347444234,0,447.534610359908,449.859126695563,154.242074439796,122.689513619667,131.5474649458,150.953282494183,454.512082349109
"70",372.672746652445,377.810761327114,410.421435808857,357.844113165765,360.468528222354,376.526782447768,377.348097559338,361.40864141659,352.912320965492,364.183839161349,464.861169720864,366.607883514009,475.787466286773,173.56204011455,164.948528680314,145.526187515257,498.603693324492,676.960688721436,585.122510891818,691.628702536311,164.316230830476,240.431642134849,152.380031892055,243.221801291496,234.019380458665,228.230694263816,578.100125617946,512.843282177637,310.759390568449,191.671545124561,226.278125482129,328.551637842981,175.091970993095,358.890550574242,159.735699152625,354.438692050465,429.013072153262,481.148330139051,360.386574165347,495.857715407679,193.177645722805,176.827040588064,366.619392381523,461.865854539903,470.324813963755,368.477383720588,473.582752175646,483.349666773135,364.795134391371,471.520717158817,473.9824973086,364.273142715632,161.210191885478,196.021693410533,181.024954611695,447.473761722147,457.84233283333,363.098720565367,480.277474629688,221.823440144371,216.207090276606,425.54655917482,419.617744842649,121.128699306893,421.637864867586,429.366305697168,416.181321110862,430.455054765902,447.534610359908,0,130.032982817175,459.190616161197,420.114730044965,409.607904704399,424.131691041982,356.162350417084
"71",373.872658953635,378.585395349769,413.502823935714,358.737993193399,361.520283189848,377.140372459924,378.391044033116,362.27581740034,354.387545671494,365.072380265579,466.972527856587,367.576908338815,477.934884707525,174.535042115043,174.504178188024,134.503832572031,501.636311775235,679.761457307294,586.108181715817,690.381793274169,158.479554593987,233.798580457126,146.302777204016,242.098883043455,232.232654144383,226.608593344207,575.852585467347,512.4310481334,309.343222537178,188.464507501636,224.267940392055,323.245397496696,168.711351773599,353.09878091354,150.529975248461,355.253584586548,429.798665779535,482.910832281926,360.996158427839,496.815762778301,192.361701343015,174.069991112416,367.313512726547,463.688805886921,472.684534349922,369.22870654425,475.631411694284,484.798772100462,365.600872344505,473.716633272162,475.428252431582,365.580036718578,169.063307665579,200.037690068502,188.687251875181,450.218471181038,460.062868746634,364.04184904843,482.092612496268,231.661974989063,227.510194707442,427.326941788657,422.143035342601,115.96935672966,424.942026851641,431.716398758767,418.614810610832,433.12107193154,449.859126695563,130.032982817175,0,461.988458604952,422.662087585717,412.41509292431,426.631220345632,357.573978281584
"72",483.521638981556,488.807673083471,158.519970478967,468.479182830335,470.662424642775,482.751116337086,485.391325348639,471.145831487994,463.797050145569,474.702094362917,472.353368748321,476.317445210597,482.855291642419,461.742407436015,488.990676364323,452.769472806959,507.115937825878,483.242925953276,390.681829483537,499.984767826348,476.09519145033,499.96685292803,464.259585182034,503.140321848508,494.101478954912,485.848257837421,815.161955430263,756.419418354103,576.214251316335,469.011806414843,484.866798941518,613.917533046733,480.450842324763,637.834991302077,466.074085802656,465.183249333302,537.99636907333,587.482865194297,471.063260860758,599.359583553754,474.395877668856,465.551990972908,475.9634514941,466.878775875976,475.912857848148,479.356199669057,479.664543148481,490.562598152622,475.316880587478,479.199563532312,480.749090790797,475.284016040446,479.02135200685,516.628944284166,503.380864271778,205.059347723055,465.492196775775,472.950227188706,487.947139949685,538.930117924059,537.923811674843,171.815467684172,160.834733634293,456.758557755737,164.224664353254,178.988173560404,167.110952474262,139.726922480586,154.242074439796,459.190616161197,461.988458604952,0,132.240999529725,152.855447956543,171.8722156665,467.074807636787
"73",443.550624382151,449.183967561608,114.495514131842,428.769157950087,430.892986408934,443.288644363509,445.90679572731,431.441276088902,424.303756048459,434.692651277221,431.373092592033,436.474178992913,442.948610858802,421.55386804555,448.945568378547,413.680947706486,466.3051759223,440.304690500263,347.091387105697,458.880044184253,436.897139743948,459.722555045985,424.453958376528,463.145849386084,453.279349015305,447.608206679222,775.874162146703,716.684426669857,536.556167904388,429.530343471698,443.861388558839,575.545068875505,440.43102491348,597.435942978526,426.543574473397,425.479102221849,497.770180161981,551.798764858215,430.828781468122,564.667685919266,434.48270762083,425.992752115567,436.609891579861,428.25566035007,435.430536593123,439.895925892997,439.467465074605,449.790281020378,435.739984757269,438.798214635944,441.196672409606,436.013594748722,439.134465985215,476.956792383529,463.773920566574,163.513685253032,425.537123337262,432.975845814579,447.514693915782,499.337875576337,498.345130753773,129.486618757421,116.242847457231,416.906696506816,119.045558051366,133.474262604072,123.225464258904,106.998853231951,122.689513619667,420.114730044965,422.662087585717,132.240999529725,0,110.377000314693,124.331680086726,427.953684888676
"74",433.981452642449,439.501308563884,86.7488527792197,419.114550764087,421.242000397037,433.861225168908,435.814456637448,422.642676798106,414.589269479245,425.526985773563,421.737348143283,426.070499341005,432.608661879955,411.753882116841,439.012155456289,403.503411343537,456.451428363366,425.203375623059,330.436331153627,444.174574677132,427.021778862201,449.881651467563,415.863283646583,453.348039234247,444.473723377087,437.597175875309,767.171347110809,707.229655095948,526.439877095362,419.623333279748,435.606058919748,562.935032607884,429.480393633439,589.607838469073,416.601150191077,416.20252428367,488.168974612884,542.636494810419,421.245114328773,554.131809866417,425.243066707817,415.964758987937,426.204846061337,418.145775456479,426.344991228998,429.774852442829,429.738226031458,439.596226558,424.578233988549,429.247590117592,430.790494779335,426.230459939367,429.246712362711,466.638003486494,452.873048169765,138.968476609488,415.238418634108,423.241679694252,437.722573925586,489.862212318121,488.258541226949,90.4570078625962,87.364106840336,407.385718972554,87.0579080545262,90.0351407827585,86.8698830959922,118.430966330238,131.5474649458,409.607904704399,412.41509292431,152.855447956543,110.377000314693,0,95.9248880653379,418.027904545248
"75",446.230433704698,451.830835360211,102.973663708823,430.605500887902,432.764495181743,446.589504949426,448.401551463501,434.345348603366,426.726582699054,436.927954958182,434.744477647465,438.400614633974,445.490894271561,424.950066125093,452.409150682687,417.888223183088,468.492008638826,439.905370155493,346.911538524756,458.137780079924,441.192913235582,465.127864094311,429.179764081835,466.567302106384,458.169224163687,451.032036420986,779.260119903201,719.885358546629,540.162512337935,433.182507800744,447.895213050576,578.286613416758,444.316143292381,604.075737815161,430.716418283752,428.299225922405,500.54039827615,554.853300578474,433.022582651728,566.921615420826,438.152220037895,429.877167861314,438.363298025968,431.059963748014,438.536764701124,442.058314388365,442.629139445841,452.344781843567,436.913428097433,441.964943838138,443.698487592264,437.973277707111,443.315302600479,480.295535814466,467.510331769415,161.773346857442,427.80156309568,435.302390284244,450.143193154048,503.370291918086,501.73869204536,108.138475687079,98.9057121616444,421.056366673559,93.469747989597,111.120107546429,103.053095615646,135.506162027013,150.953282494183,424.131691041982,426.631220345632,171.8722156665,124.331680086726,95.9248880653379,0,430.478316826475
"76",127.489834998212,123.548072508926,418.460958872828,80.7610224895071,81.2169608580743,126.483269194879,134.397937009818,99.4083275865179,73.0259487656141,102.439739322428,389.486729112006,84.8602656047126,399.798008971573,355.601195249719,385.642350923953,351.154759666099,423.22593653017,681.790584311097,589.583677264032,692.72557510589,375.247047206961,411.251115167332,364.353745788775,398.222204838233,390.071833955342,381.097327152679,718.857075486502,658.910693422818,473.157131258424,367.623500048085,379.742516507456,515.242427796745,379.048070169427,541.10078449369,363.770910689922,106.342835971121,192.800932460326,258.943056550298,113.615335889697,267.568673891026,369.020919074511,359.518282884794,87.0088498930981,384.902933570506,393.75804231746,78.8825777983766,397.31180055254,407.520429926816,76.3639665274372,394.633887034279,397.316431528899,66.3813251535523,374.357809045066,414.117082919505,398.597969570322,455.053479571298,382.237519639622,77.3705734865887,404.40249304959,437.017990272914,434.132090340565,433.236516961992,427.02309200318,353.084005425692,428.870947230215,435.680072521246,423.895491014271,437.573152786169,454.512082349109,356.162350417084,357.573978281584,467.074807636787,427.953684888676,418.027904545248,430.478316826475,0
